compound,exp2_22deg_1,exp2_22deg_2,exp2_22deg_3,exp2_22deg_4,exp2_37deg_1,exp2_37deg_2,exp2_37deg_3,exp2_37deg_4,exp4_22deg_1,exp4_22deg_2,exp4_22deg_3,exp4_22deg_4,exp4_37deg_1,exp4_37deg_2,exp4_37deg_3,exp4_37deg_4,exp2_22deg_1_l,exp2_22deg_2_l,exp2_22deg_3_l,exp2_22deg_4_l,exp2_37deg_1_l,exp2_37deg_2_l,exp2_37deg_3_l,exp2_37deg_4_l,exp4_22deg_1_l,exp4_22deg_2_l,exp4_22deg_3_l,exp4_22deg_4_l,exp4_37deg_1_l,exp4_37deg_2_l,exp4_37deg_3_l,exp4_37deg_4_l
Cer_d18:0_16:1,0.0,0.0,0.0,0.0,0.0,0.0,0.0,0.0,0.0,0.31022212184413334,0.4047721416067288,0.41034409837074665,0.5414470287393885,0.29510231618409677,0.26826678654720915,0.1413542861778589,0.0,0.0,0.0,0.0,0.0,0.0,0.0,0.0,0.0,0.0,0.0,0.0,0.0,0.0,0.0,0.0
Cer_d18:1_16:0,0.011683320415102746,0.016081264493885788,0.12543503812011939,0.027236834455271905,0.0,0.0,0.0,0.1049164752373976,2.161807377325977,0.2688123489875615,0.10447069379431256,0.6538315832196961,0.24069952366130554,0.6412429642286538,1.8673244731259988,3.6625516526865027,0.0,0.0,0.0,0.0,0.0,0.0,0.0,0.0,0.0,0.0,0.0,0.0,0.0,0.0,0.0,0.0
Cer_d18:0_16:0,1.360708170428783,1.3444518066868454,1.735799148048333,1.3415095274298432,2.9556874348462943,3.749632701850934,3.8154110612587275,3.6209789285664393,13.40031402286953,12.987880906493414,11.777460226305122,12.7139860322613,16.279226999956606,20.486596647653993,15.527933312675884,17.393596691573986,1.2098746136629939,1.1776852513125924,1.438599751623075,1.0762423273552784,2.6779441825319834,4.2637266196965795,3.1677611828722996,3.4225923529267193,5.725891876843143,5.9586037176912265,5.244753490068095,5.270445452964214,32.88750850828765,44.181302953470194,35.490193234450324,41.497260907073034
Cer_t18:1_16:0,0.029185581673386835,0.02726224303760829,0.028427339598788494,0.020617262863678144,0.007485662168059567,0.011031090511401878,0.008913141238400606,0.0066117337360401054,0.266303572504695,0.38631986357121106,0.3430168655558145,0.37820851913301173,0.13047175642152292,0.19121387360350753,0.17452006628806196,0.13453687693425634,0.0,0.0,0.0,0.0,0.0,0.0,0.0,0.0,0.0,0.0,0.0,0.0,0.0,0.0,0.0,0.0
Cer_t18:0_16:0,3.199261260175034,2.601098703152243,3.0060157280539976,2.343888569666309,0.8688362275753228,1.0642846542074977,1.0296245707229397,0.8978585506187579,25.66838707667331,25.52900166447658,27.11949114754129,25.043979139385872,9.340308255219442,10.213566783263857,9.592240383104519,10.459779136150273,1.6988989297419306,1.4457281386822614,1.6074189242875063,1.2201648488532453,0.5184709528351479,0.8010484054791414,0.601955953755747,0.6226836752213585,10.84003374565812,11.408770889526824,12.21081199816881,10.112965084885845,12.145008033067521,12.006661417973778,12.810125395887209,14.414790032636462
Cer_d18:1_18:0,0.010837769856386252,0.02728123957159757,0.20077949896456035,0.04291632060230542,0.009215709799804326,0.004701387291137662,0.014608124964942083,0.1941442810951247,4.64845964763442,0.49385007564307465,0.22120136281169203,1.3728966389625845,0.40244772537419243,1.3887448477974436,4.090324554891916,7.388341214665148,0.0,0.005231819849202878,0.0034538002603045678,0.005498664223990037,0.0,0.0,0.0,0.0,0.0,0.0,0.0,0.0,0.044188050131510885,0.0,0.10593322874760737,0.04449239526528798
Cer_t18:1_20:0,0.0,0.0031506654650932703,0.009398366284438759,0.009429979496897329,0.0,0.003931247040405766,0.005189755431781513,0.004463468809934608,0.10987383866871142,0.07179814900134897,0.0,0.04883525320452805,0.0,0.0,0.0,0.0,0.0,0.0,0.0,0.0,0.0,0.0,0.0,0.0,0.0,0.0,0.0,0.0,0.0,0.0,0.0,0.0
Cer_t18:0_20:0,0.27294248699196066,0.13162651414134352,0.20414532854159637,0.1271819996235718,0.16406770955749606,0.19820264663317794,0.2714459980484756,0.24663189688945072,1.493961743375593,1.3439883937663837,1.5737763639213644,1.5136684711494603,1.88769757796326,1.861630941896401,2.256105937597144,1.9744504792702195,0.04037893214302203,0.022222852017029133,0.04486306919128805,0.025387268702738844,0.12262766720795745,0.15549525711810863,0.17565066363867377,0.18123973904681975,0.0,0.10041851490807147,0.1579420288699735,0.20174548807922124,3.0797587851270007,2.520690528896681,3.8053144322339523,3.8618243687152827
Cer_t18:1_22:0,0.01218558810203892,0.01524389790168204,0.007958685326179181,0.019605590085820766,0.013514345616728849,0.008490308761824618,0.013438589535375663,0.0038929988254645075,0.24219745634037285,0.3294065600642752,0.2969377842375416,0.24742934990624593,0.07829405386561276,0.12287962302187241,0.08305328287103467,0.14316254352540278,0.0,0.0,0.0,0.0,0.0,0.0,0.0,0.0,0.0,0.0,0.0,0.0,0.0,0.0,0.0,0.0
Cer_t18:0_22:0 ,1.6895264989955596,0.9585866871754224,1.4390712681708868,1.0154718816744817,1.3564862024527928,1.366685229090876,1.4378694406589065,1.3720967957227934,7.984164549862102,7.041290165307524,8.476839100295216,8.44830593265179,9.13133626216053,10.857816962188592,10.146728541765421,10.407597577881052,0.5277462567468952,0.3051091365949451,0.46623247243055005,0.3132023117440836,0.921484586952334,1.0437219371566164,0.9713326064463638,0.9967307494944683,2.07626196623438,2.037698301026785,1.966168737785915,2.138657301340918,12.173727521958515,13.937341743053027,13.035010461543315,16.748508020779635
Cer_d18:1_24:1,0.04870539253641752,0.01921639112220474,0.04015149458241116,0.02594260903531052,0.013566365349496618,0.011651380125543877,0.01332472617968746,0.013458069152252523,0.0,0.0,0.0,0.0,0.0,0.0,0.0,0.0,0.0,0.0,0.0,0.0,0.0,0.0,0.0,0.0,0.0,0.0,0.0,0.0,0.0,0.0,0.0,0.0
Cer_t18:1_24:1 ,0.00493593561898796,0.009895603099142773,0.010674268970004161,0.004071608204781156,0.00278502045115819,0.0016999860617336116,0.0,0.0,0.052996464369793064,0.11793065559860615,0.059359739583714786,0.06332291923179353,0.004311135766106439,0.008766579672192855,0.006310034190732901,0.01888949063830064,0.0,0.0,0.0,0.0,0.0,0.0,0.0,0.0,0.0,0.0,0.0,0.0,0.0,0.0,0.0,0.0
Cer_t18:0_24:1 ,1.8276845563684199,1.538257880577132,1.7472793924699945,1.526741198291469,1.0723313054286716,1.1887203382489904,1.1192422675871525,1.119314400283086,10.006144102502866,10.761643789293732,11.958908973460463,12.184602808930277,8.667499565256099,8.278990703705288,9.927132895916095,7.709145703463839,0.3412042618349421,0.3310374886072539,0.31017193334632825,0.29971859491370817,0.57752570966405,0.6760433671370425,0.634741590007555,0.6354046482662548,1.8514311677034945,1.6506686592446713,1.9936290708330633,1.8991462263012326,6.4281510263443735,6.055539684396579,6.593184928761851,6.095393354515861
Cer_t18:1_24:0 ,0.1220047600077567,0.10274639417397406,0.12827101662411636,0.11560166897116067,0.09571728907063694,0.07867685885428777,0.08719608436393425,0.07827362440169695,1.3982361565203865,1.1932489931229862,1.5156503942392203,1.1016318587729024,0.8394762363157886,0.779961599260161,0.8661350336556133,0.7295725946008605,0.0,0.0,0.0,0.0,0.0,0.04136675357156708,0.0,0.03654127962399699,0.0,0.0,0.0,0.0,0.0,0.0,0.0,0.0
Cer_t18:0_24:0 ,7.710979808989827,5.838915538440306,7.542771437849883,5.7938077602369376,2.9509819025442514,3.204343983755191,3.0395223740078583,2.744274288945282,34.27947766060507,33.506564933050015,37.51386774153915,40.93428741886003,29.480881952537064,30.799082390605232,38.155884626386786,30.83309154523284,1.2057234655621538,0.9894774807864686,1.1372514308582664,0.9275078562925015,1.2864198112477643,1.5540465544588373,1.4280971023648852,1.2542888662731082,5.77331410577534,5.521611405869772,6.007883587664183,5.645672216398925,21.589105263503647,23.708658876844005,24.226022115251613,26.2878573693843
Cer_t18:1_26:1 ,0.017174212294179335,0.008643705939263589,0.008525540753051557,0.019175277253265583,0.007695219339089877,0.008986873430568377,0.012247015022331035,0.007228866699349238,0.029092437712406893,0.0,0.016954359304477733,0.0,0.0,0.0,0.0,0.01889792692676185,0.0,0.0,0.0,0.009706289756687263,0.0,0.0,0.0,0.0,0.0,0.0,0.0,0.0,0.0,0.0,0.0,0.0
Cer_t18:0_26:1 ,1.5707689228135642,1.4012207136806487,1.7059042882522093,1.414333329115382,0.7021881074773452,0.7264840509439014,0.739658848641792,0.6974541289609469,5.610269011133313,5.984412797330877,6.518069943554821,7.232855575329677,5.653270067453715,4.957877743017977,7.552164195918369,4.441722548971698,0.10653868442870008,0.1177534552624095,0.09399976236716687,0.10521324509908238,0.2325728408410609,0.2550327249579585,0.2585529031042974,0.28353316521315536,0.6066348252981756,0.72213120505868,0.6166936518628668,0.8069459575977485,2.7703793247965858,2.39484819544153,2.8569191009710235,2.40348211610429
Cer_t18:1_26:0 ,0.08911255876507422,0.0859952705985209,0.10317789135763585,0.0906701689415286,0.056859687563913526,0.04666364155039381,0.07076833070354749,0.04470769582826915,0.9716588231354301,0.9578244476405273,1.0966435785526973,1.3106449306491614,0.9415312826711039,0.6982178475966876,1.3699464987041299,0.6352621359179437,0.0,0.0,0.0,0.0,0.0,0.0,0.0,0.0,0.0,0.0,0.0,0.0,0.0,0.0,0.0,0.0
Cer_t18:0_28:1,0.38092645756858806,0.2846379350186853,0.3932160596388561,0.3151352112381335,0.24814949310147436,0.2607597016738677,0.2579589113549982,0.26283951662173205,2.5177465842960935,2.5389616171269376,2.8740170736872104,3.1315383080181802,2.4445596358541604,2.034639019500025,3.6137086264628016,2.2210588520340826,0.0021932611573239644,0.002633029658669298,0.0,0.0,0.027970087802262747,0.022489938406955852,0.039063986032913105,0.0316512673457843,0.0,0.0,0.0,0.021459931989838282,0.44487728542163574,0.3179830658804351,0.6187890872003391,0.4421444227940072
Cer_t18:1_28:0 ,0.02711526243441718,0.033730445382569196,0.04312979750090747,0.0265084334255882,0.02060221094127172,0.011249033962798654,0.011653717794768915,0.013878401968266837,0.0,0.0,0.0,0.0,0.0,0.0,0.0,0.0,0.0,0.0,0.0,0.0,0.0,0.0,0.0,0.0,0.0,0.0,0.0,0.0,0.0,0.0,0.0,0.0
Cer_t18:0_28:0 ,0.8438027530207719,0.6456037909953328,0.8717278753789935,0.7237375546711231,0.4900407690356521,0.5596056356332161,0.6159338383137549,0.5633386188431091,6.134693427234736,5.7886512723294015,6.551514991940907,7.440664544223984,6.063466075072039,6.159191770268243,8.384588661915899,6.269159851917687,0.030010477839594304,0.028202906462623804,0.058734360616883106,0.03474113455930728,0.17025094844924135,0.21285358161966816,0.2998833210136403,0.2768382725326032,0.4821285895169844,0.3821848958575879,0.5428690233797814,0.6203772775579398,2.8266695972269265,2.556698416131542,4.791826615603466,3.3258909196357083
hCer_d18:1_h16:0,0.0,0.0,0.0,0.0,0.0,0.0,0.0,0.0,0.3287274777034324,0.3054363337044697,0.636956957820511,0.575264518950466,0.8381123466916462,0.4729813167229951,0.3903417420108543,0.27687213684140466,3.897174383687626,3.2447650715135605,3.7224932126113317,2.8158244815736793,1.0259021334413903,1.3399865509075253,1.2522640551405333,1.1841993854447175,11.247983588052296,11.152559073492782,11.62916927648709,10.626084067109984,4.2283939742673455,4.5156612940712275,4.6979771695949175,4.640337126699112
hCer_d18:0_h16:0,1.2326862026906398,0.0,1.556430711562387,1.3211407771593349,2.4980929727370387,2.6878416611719254,2.803965076257425,2.546401224233196,11.107277136223935,10.647773554501851,10.442713044732871,10.37987062356896,14.846046100100533,14.319841980209704,14.336395259677678,14.986782548628025,0.5817462560848308,0.8204864558345867,0.8033893725590607,0.6516066742585511,0.0,3.5955712369868893,3.365078538836465,3.129190797241413,6.131030033771731,6.295321097663596,5.605457478427973,4.943911276740942,26.149524312371657,24.344605775848443,26.174051771200624,30.425862701807418
hCer_t18:1_h16:0,0.13672181401855935,0.11444631370338991,0.13592463746505043,0.10897011127788911,0.05487078322108637,0.03749094886874755,0.03511097337297062,0.04882576640837459,0.5880931371806154,0.6575781726522739,0.7748348070278163,0.6696443704912214,0.38679836739554263,0.38647932443663413,0.45241967115632703,0.4316112360252118,0.0,0.0,0.0,0.0,0.0,0.0,0.0,0.0,0.0,0.0,0.0,0.0,0.0,0.0,0.0,0.0
hCer_t18:0_h16:0,5.444482055251484,3.186432002585494,4.6183544090173045,3.6316221079239215,2.065457078567486,2.3457075816170896,2.0049748061013,2.1032000566563296,17.037679492105468,15.877093378004897,19.291575547245333,18.355857086900798,12.774616562827058,12.230596431756345,13.024368976088581,12.746559103981962,0.30957600602522595,0.19185699169875203,0.25136338494689464,0.22916674242162255,0.1932196274403069,0.19129489722750964,0.17843631488404052,0.1684465899040878,1.7377441698535954,1.676432969873016,2.1464977886409016,1.578658162711453,2.186353707501528,1.6627461791932237,1.9937251980030464,2.374743911472789
hCer_t18:1_h20:0 ,0.013478148927716965,0.0,0.022402474167201793,0.00980990251281395,0.007384269420732531,0.0,0.0,0.0,0.09742224256634259,0.11925101241904433,0.09840775452557306,0.1014733809547969,0.1873992276300808,0.2107441171610666,0.29513839324142493,0.21656319216727152,0.0,0.0,0.0,0.0,0.0,0.0,0.0,0.0,0.0,0.0,0.0,0.0,0.0,0.0,0.0,0.0
hCer_t18:1_h22:0,0.15996912776024533,0.08265099463850867,0.15072321156127827,0.10266095194775594,0.06448936081443399,0.04898573988438835,0.04813611464334986,0.05544529659190766,0.557402447191492,0.6967207297269923,0.7581757865201939,0.7004252648965195,0.2911068507347338,0.4198111550432586,0.4431010186199638,0.40454414661582244,0.0,0.0,0.0,0.0,0.0,0.0,0.0,0.0,0.0,0.0,0.0,0.0,0.0,0.0,0.0,0.0
hCer_t18:0_h22:0,4.100106043813573,2.2903192166722954,3.699874904460686,2.661514416915736,1.8987070800027006,1.910976061465174,1.7580042952006338,1.8458697595152778,16.904249106220192,15.23110606033105,16.408366415574935,16.92443448192109,9.673447282657605,10.960614083898689,13.306447996492588,12.267832497744118,0.0,0.0,0.0,0.0,0.0,0.0,0.0,0.0,0.28671268418327217,0.29686241778050043,0.3635658668387494,0.12667382004794872,3.302719712791957,3.330012457043391,4.311915653768029,5.166976696201212
hCer_d18:1_h24:0,0.03062688710973474,0.035494380028619724,0.03236331943007807,0.027361639522318758,0.016657950797563936,0.01967132130479861,0.022601909804215527,0.025192551660386215,0.255417730629273,0.23329902031397062,0.2852820633441571,0.31865879912637907,0.26752601985651003,0.2758407906327897,0.2919076044257625,0.07493950799836249,0.0,0.0,0.0,0.0,0.0,0.0,0.0,0.0,5.0720123373855515,4.910739873747203,5.247826742384109,5.848764446040287,3.9811625612038863,4.1700449080950746,5.244536714455971,4.130453268902603
hCer_t18:1_h23:0,0.019699580596311456,0.0,0.0,0.0,0.0,0.0,0.0,0.00696920486495831,0.0,0.0,0.0,0.0,0.0,0.0,0.0,0.0,0.0,0.0,0.0,0.0,0.0,0.0,0.0,0.0,0.0,0.0,0.0,0.0,0.0,0.0,0.0,0.0
hCer_t18:0_h23:0,0.5013888887357839,0.29693017235947655,0.38913897397768077,0.3100159023467611,0.2115425537562693,0.18227083344075237,0.1751055932044049,0.17879722545947568,1.6984263845640333,1.6315881412042483,1.676313223940569,1.7093808342473797,1.1082863577497746,1.2872343734007732,1.297824044650622,0.9341644013459351,0.010163682823029712,0.003604457257180172,0.0028886111242046497,0.003592876636811001,0.010959890690379209,0.01766214410633468,0.03371600352999058,0.02068886708530688,0.0019124239740828523,0.07242278939397619,0.010788257835369582,0.0,0.059313555901422926,0.048718920469960354,0.08672304110769188,0.16993035672499718
hCer_t18:1_h24:1,0.8157615254791692,0.4455973290569472,0.6987616176886545,0.5325057380377938,0.291902065005407,0.28551421523660225,0.28132908646875737,0.28188107447709254,2.8250857785996075,3.27071372435933,4.010605387963693,3.6699378173069324,1.9552930345021826,2.0594499983255927,2.8101371163445763,2.252034700774208,0.0,0.0,0.0,0.0,0.0,0.0,0.0,0.0,0.0,0.0,0.0,0.0,0.0,0.0,0.0,0.0
hCer_t18:0_h24:1,14.53786135066653,8.836319938488197,12.425317263313923,9.473638217480634,6.1591853910852645,6.485237485991867,5.7715238567184555,5.5704947170050705,50.4939986090942,51.44363535055459,62.96907773673592,56.869615974746814,37.643146870572714,37.89957047184893,42.44403279253411,39.26072162137563,0.22211998562792215,0.23601002585120903,0.2918624213409339,0.2189313375807718,0.6578852554896536,0.7082518605428735,0.820480038826969,0.7321308352199868,1.3442736839913172,1.2240132552174796,0.4811060710755005,0.5295473715354998,4.542341429668185,2.9197314004936534,4.7268565492364925,4.770452578334146
hCer_t18:1_h24:0,0.6452832608363089,0.3381430091050166,0.6430482626126319,0.4819712078382411,0.27171966413805004,0.2311570062146397,0.22082233389506387,0.2272726809561416,1.7742665781315659,1.9306405735170924,2.3514738326153237,2.330976680122688,1.5132520230866946,1.2929548221625653,1.5296911276455096,1.2703763809893482,0.0,0.0,0.0,0.0,0.0,0.0,0.0,0.0,0.0,0.0,0.0,0.0,0.0,0.0,0.0,0.0
hCer_t18:0_h24:0,10.762535651594941,6.854979492069965,10.474206999189587,8.227080541428014,4.885026681550625,4.762379228441019,4.677107442660676,4.571391579680837,39.84006572022767,36.34530082496544,38.28388851610456,41.24065563468323,24.58850094553423,26.87220575708285,29.161151313569786,27.360618561941507,0.10800033409670336,0.06708338227817384,0.09145122370315946,0.05868812689789963,0.3972289034179573,0.42153782439197957,0.5000694429792416,0.4132476496515666,0.003210406667974299,0.16633914938153907,0.20793948761307768,0.0,3.6531387763174785,3.4364925414509186,4.589101705964888,5.095574807761999
hCer_t18:0_h25:1,0.5635114127419373,0.35415309524124094,0.4312433447251871,0.35897767628035476,0.1898665228896959,0.23066250844424327,0.14586882795851794,0.16843640127480608,1.6690859830253066,1.7387602203895482,1.7975209849409843,1.6561938263732223,0.8194774999807317,0.899970113036568,0.8815997843004065,0.8404966836463689,0.02560916626899704,0.0,0.0,0.0007223948132451524,0.004619227786100122,0.00772535904162547,0.015705942785121007,0.0007851974937149213,0.0684203038291648,0.01841689818213413,0.0,0.0,0.014397747191066932,0.0,0.0,0.0
hCer_t18:1_h25:0,0.0,0.0,0.0,0.01485572477222452,0.0,0.0,0.0,0.0,0.0,0.0,0.0,0.0,0.0,0.0,0.0,0.0,0.0,0.0,0.0,0.0,0.0,0.0,0.0,0.0,0.0,0.0,0.0,0.0,0.0,0.0,0.0,0.0
hCer_t18:0_h25:0,0.32026505196617044,0.20255365025703959,0.2722241669994598,0.23357252183733898,0.13233778720214023,0.1361073113389745,0.10954216676195709,0.13201413390192815,1.325270699746378,1.3809897816911885,1.4536563405773888,1.4421176021132838,1.1652437978451904,1.0337249981234258,1.0134201830016107,0.8620755655265224,0.0,0.0,0.002128944457531497,0.0,0.003316088016540452,0.00027251372291999166,0.0,0.0,0.0,0.0,0.0,0.0,0.0,0.0,0.0,0.0
hCer_t18:1_h26:1 ,0.0,0.0,0.0,0.0,0.0,0.0,0.0,0.0,0.05134337036627438,0.04233209709951182,0.10622566334241275,0.07997573637580883,0.0,0.00797672880787213,0.0422127520892751,0.012941023025316535,0.0,0.0,0.0,0.0,0.0,0.0,0.0,0.0,0.0,0.0,0.0,0.0,0.0,0.0,0.0,0.0
hCer_t18:0_h26:1,1.4380925501847053,0.8496110806766214,1.3689704365673958,1.010722888830032,0.6682079621484092,0.6795539509979341,0.6206184573462129,0.6128629533272562,6.022750577364412,5.646369265780309,6.515960934748045,6.362405316925203,3.909839246479194,4.042466084903917,4.784747752122123,4.033126552359656,0.0,0.013300624540575979,0.0,0.0,0.013144895607565413,0.027020830245957694,0.01564219848906854,0.030034055275571667,0.0,0.022901938110097306,0.0,0.0,0.06836021577747382,0.0,0.07685039069385749,0.0028474060751701776
hCer_t18:1_h26:0,0.15260873301767525,0.08760136755081671,0.149750777599765,0.10151143662173781,0.05158817429753416,0.05160871768844563,0.03963564128698903,0.053146396745960695,1.0802000874535407,0.9513474730368019,1.4975664975661773,1.5627154257556597,1.579410054024697,1.0693690444946637,1.106232661993588,0.7872776063902305,0.0,0.0,0.0,0.0,0.0,0.0,0.0,0.0,0.0,0.0,0.0,0.0,0.0,0.0,0.0,0.0
hCer_t18:0_h26:0,2.533489919756797,1.8827019629982447,2.629322627358069,2.149781866932822,1.1972044058843234,1.1830062008611104,1.160079425053936,1.1927585637549125,13.94595192886157,11.741247604347276,13.387063578463566,15.283351728698625,9.438987892308857,9.957422056132554,11.047868012065468,10.111517197290574,0.0,0.0,0.0,0.0,0.04613967985208417,0.03435623752208284,0.014922595154437479,0.054696475147800766,0.0,0.0,0.0,0.0,0.0,0.0,0.0,0.0
hCer_t18:1_h27:0,0.0038913869136101955,0.0030416182577733164,0.0053879462090499555,0.0021315607568296313,0.0,0.004157355836283181,0.0,0.0017080396729773897,0.0,0.0,0.0,0.0,0.0,0.0,0.0,0.0,0.0,0.0,0.0,0.0,0.0,0.0,0.0,0.0,0.0,0.0,0.0,0.0,0.0,0.0,0.0,0.0
hCer_t18:1_h28:0,0.0052192828935837855,0.005235781011630324,0.001619733660672236,0.007279293834329539,0.0,0.0070883886736526425,0.004771185286032693,0.007104689009136792,0.0,0.0,0.0,0.0,0.0,0.0,0.0,0.0,0.0,0.0,0.0,0.0,0.0,0.0,0.0,0.0,0.0,0.0,0.0,0.0,0.0,0.0,0.0,0.0
hCer_t18:0_h28:0,0.0,0.0,0.0,0.0,0.0,0.02795389194277822,0.01997239441677379,0.0,2.175758644346481,1.8966312566275685,2.13370587559032,2.2537188858644255,2.044708492478864,2.054174284052031,2.0631235369681122,1.6770722815269028,0.0,0.0,0.0,0.0,0.0,0.0,0.0,0.0,0.0,0.0,0.0,0.0,0.04103839313045493,0.0,0.0,0.0
GlcCer_t18:1_h16:0,0.12124353483099859,0.10276801334400257,0.09032007099165588,0.0990478088427177,0.13037167520694726,0.09703687705860627,0.1320293779498419,0.10938853117190787,1.1422495215639088,1.170627026535443,1.1243005105707617,0.406750282979238,0.9851300586280926,0.9578654377323547,1.1274198311738164,0.9855564612416662,0.0,0.0,0.0,0.0,0.0,0.0,0.0,0.0,0.0,0.0,0.0,0.0,0.0,0.0,0.0,0.0
GlcCER_t18:0_h16:0,3.315363946582876,3.063213311855246,2.998181127265442,3.1477858778496253,2.7193423363853113,2.5167043002814924,2.513372632858131,2.4339543695969996,15.989593790980923,15.675638582840367,16.494409541758095,14.078127152581946,12.755154482897407,11.60498916460263,12.97087406714654,12.879342886838444,0.0,0.0,0.0,0.0,0.0,0.0,0.0,0.0,0.0,0.0,0.0,0.0,0.0,0.0,0.0,0.0
GlcCer_t18:1_h22:0,0.24529033207735595,0.23451627058116012,0.32578306030556925,0.26011231443888216,0.24466688500663186,0.2509603688035203,0.3132269371494179,0.24983168921610552,1.8852306779089412,1.0982076064808268,0.6713639283889683,1.3853560142072239,0.6516451822756082,0.5246787860395816,1.1354191670766383,0.9349791987717706,0.0,0.0,0.0,0.0,0.0,0.0,0.0,0.0,0.0,0.0,0.0,0.0,0.0,0.0,0.0,0.0
GlcCER_t18:0_h22:0,0.0,0.0,0.0,0.0,0.0,0.0,0.0,0.0,7.513628211953418,6.337526961656014,5.542161615269558,5.982270290496633,5.345038890697739,4.578260258773728,6.2577766826726355,5.938934337131812,0.0,0.0,0.0,0.0,0.0,0.0,0.0,0.0,0.0,0.0,0.0,0.0,0.0,0.0,0.0,0.0
GlcCer_t18:1_h24:1,2.7951838542543523,2.7888607423098657,3.020938999147264,2.824464127249811,2.6399373985985917,2.835954317460889,3.256042085123579,2.800239020369555,21.907616526071244,19.73056987049982,18.978449584286796,18.65891783898014,14.110650626846235,12.62808950391513,16.167251557563137,14.683944276372763,0.0,0.0,0.0,0.0,0.0,0.0,0.0,0.0,0.0,0.0,0.0,0.0,0.0,0.0,0.0,0.0
GlcCER_t18:0_h24:1,11.06270190752212,11.149756930285504,11.153184938836104,10.886997371660145,10.993393259021301,11.34955847069596,12.780637906290229,11.460326704922995,71.29594280252371,64.57034832339718,66.73958474583964,64.044331795354,65.34096128198966,55.47585203860094,65.80685804883258,61.07660024487098,0.0,0.0,0.0,0.0,0.0,0.0,0.0,0.0,0.0,0.0,0.0,0.0,0.0,0.0,0.0,0.0
GlcCer_t18:1_h24:0,0.6383889523841022,0.6436547498374616,0.6131072497254527,0.6884253764901135,0.5787417165285487,0.6593684127985249,0.8136149322587966,0.7357097570631073,0.0,0.0,0.0,0.0,0.0,0.0,0.0,0.0,0.0008533822406197362,0.0,0.0,0.0,0.013554809466089028,0.0,0.0,0.0,0.0,0.0,0.0,0.0,0.0,0.0,0.0,0.0
GlcCer_t18:0_h24:0,1.6608808758482931,1.7484683987582414,1.6957641521201865,1.7949515134142484,1.7395939462161036,1.8105369967041365,1.9441572672935843,1.8296558218565437,6.264668224728454,6.490260835613995,6.270458495950188,5.757567283015731,5.673747993572164,5.193728415233011,6.389400249149671,5.5131458792572134,0.0,0.0,0.0,0.0,0.0,0.0,0.0,0.0,0.0,0.0,0.0,0.0,0.0,0.0,0.0,0.0
GlcCer_t18:1_h26:1,0.1834388886034199,0.12154896117112417,0.20265997109498282,0.18024238127951273,0.17256783165147574,0.16792106633549128,0.1861844864977314,0.1811175264607903,1.135687145847962,1.129767078667313,0.7558731037615591,0.8661599409970984,0.4903850770572286,0.48681049820550204,0.9371071318817038,0.6662813462665728,0.0,0.0,0.0,0.0,0.0,0.0,0.0,0.0,0.0,0.0,0.0,0.0,0.0,0.0,0.0,0.0
GlcCer_t18:1_h26:0,0.20856787122881698,0.21923175905643344,0.2016727057290083,0.18738362898732355,0.20072474702819634,0.26780883609629336,0.2991428294440845,0.2350598795968311,0.9046862192998801,0.6354023602116713,1.149256933993095,0.7409711079227789,0.7084760826241768,0.3732010788149805,0.6784185885533632,0.8808760467092684,0.0,0.0,0.0,0.0,0.0,0.0,0.0,0.0,0.0,0.0,0.0,0.0,0.0,0.0,0.0,0.0
GlcCER_t18:0_h26:0,0.4385607622380943,0.43055223517189,0.45063388021597567,0.42275811377834865,0.4228324181495707,0.442718387655251,0.5626799287519384,0.531508468168834,2.0854754846675094,2.4030482490729637,1.8532839476620935,2.0157409307605825,1.8706310906223285,1.4533452252394798,1.537469694920198,1.4126448127844597,0.0,0.0,0.0,0.0,0.0,0.0,0.0,0.0,0.0,0.0,0.0,0.0,0.0,0.0,0.0,0.0
GIPC_d18:1_16:0,0.0,0.0,0.0,0.0,0.0,0.0,0.0,0.0,0.0,0.0,0.0,0.0,0.0,0.0,0.0,0.0,0.0,0.0,0.0,0.0,0.0,0.0,0.0,0.0,0.0,0.0,0.0,0.0,0.0,0.0,0.0,0.0
GIPC_d18:0_16:0,0.9121982643708263,1.015620752826362,0.8868510186131608,0.7544345842713236,0.37648630233566777,0.4525155886717326,0.37408103235466644,0.4455941403904825,2.1008033151304346,2.6095259295407955,2.5104194917696643,2.5541537814019497,1.0186193532106869,1.4477636523806285,1.0517271808727304,1.2843355602335758,1.1488647069755915,1.1763215486798926,1.0672044475822515,1.057665400417925,0.4120745869972271,0.46436412225743134,0.3649757642181657,0.4097663246823749,2.9029319431108522,4.053332855573651,3.2862566491516856,3.6526190068632896,1.2881154455970591,2.134068719996218,1.5331759800444222,1.83971742086646
GIPC_d18:1_h16:0,0.0,0.0,0.0,0.0,0.0,0.0,0.0,0.0,0.0,0.0,0.0,0.0,0.0,0.0,0.0,0.0,0.0,0.0,0.0,0.0,0.0,0.0,0.0,0.0,0.0,0.0,0.0,0.0,0.0,0.0,0.0,0.0
GIPC_t18:1_16:0,0.009904730207481897,0.010175387264141368,0.0088720707001003,0.009026999821719594,0.01166928263308023,0.011215835191202594,0.010354378936467271,0.011516661415825564,0.14498661175159955,0.10936516160365717,0.15335513307602508,0.11038187228581471,0.0989050235924212,0.10061901741933556,0.07827627245585421,0.11370975472992459,2.7356601067473236,3.0272986200567193,2.8444053018099065,2.481594299362935,0.6852063849347603,0.8762325030491865,0.6333419365925383,0.864757096405782,10.0107763873443,11.90807778102089,12.976742158944099,11.600152672970836,2.930738814031182,4.640339849101761,3.6118037666516876,4.209692179526804
GIPC_d18:0_h16:0,2.7282743589255873,3.0274053401753234,2.8617747008122234,2.4964975114141557,0.686640148700732,0.8773470727336307,0.6468041961460461,0.8702288448043295,10.13456090401857,12.056838689944058,13.144547963939315,11.624258370877632,2.9523447230561097,4.662318719925907,3.628902163750477,4.234531457460767,2.47528190163345,2.664573652408133,2.450912209245009,2.1412350919502443,0.30667281188922857,0.33811761653558364,0.3034229994034814,0.33210115883409497,11.810797741525763,13.578772523309311,14.281448868159215,12.826286737500137,1.788271243164678,3.141193952991521,2.2650955171244096,2.7440793038746074
GIPC_t18:0_16:0,1.2583594461185519,1.5339307243649685,1.285558733681042,1.5377641882944748,1.63282514756095,1.8856268856258325,1.9765528393320826,1.998064233444325,6.315708275221898,7.263059391833381,7.1836711466733645,7.58547208003166,7.401231974295193,8.18480849422578,8.16316247903859,7.7294549325744475,0.22926059746169034,0.2737674343884133,0.20605048236725917,0.24971994351602197,0.30931738778695134,0.3714596403215554,0.3117990728522729,0.27803495533933087,2.040147012822154,1.8200551201285564,2.0899847902724837,1.878052995804994,1.9707338357009432,2.2755790296776697,2.3373585236871888,1.8693992225424978
GIPC_t18:1_h16:0,0.07415929831233868,0.10058987895339173,0.07220229057535804,0.1028776319822926,0.09269145048921444,0.1285648845314513,0.11074489735219667,0.11594854132580909,1.991138409077125,1.8556741434058173,1.8352607822872047,1.7083295545446957,1.1325703700838532,1.2609551756093138,1.346442407026177,1.2853231735381454,0.0,0.0,0.0,0.0,0.0,0.0,0.0,0.0,0.0,0.0,0.0,0.0,0.0,0.0,0.0,0.0
GIPC_t18:0_h16:0,4.453239697423384,5.171347298954963,4.440497317615451,4.5369340768192945,5.12350286173071,6.123258164853412,5.690417202702379,5.752484568840793,49.35176058707551,50.192468839127756,47.42079717090991,49.32469063152173,42.160371309537005,46.04921532601781,43.81159504687993,41.641377271353825,0.4722687823303413,0.6071201171050787,0.5257231942897223,0.5312815224340499,0.18149858887235143,0.23960693054250032,0.23214288560687885,0.1277958292848181,11.931480721965938,12.074938618662715,11.393385426730802,10.677507863723847,3.084490208005628,3.922281915076199,3.048490842034859,2.883076599992624
GIPC_t18:0_h20:0,0.0,0.0,0.0,0.0,0.0,0.0,0.0,0.0,1.6081505321811616,1.6964609661813885,1.1104170320377884,1.4650153585309371,1.1793634895168308,1.1402615985388629,1.8278270034800008,1.3761082445697066,0.0,0.0,0.0,0.0,0.0,0.0,0.0,0.0,0.0,0.0,0.0,0.0,0.0,0.0,0.0,0.0
GIPC_t18:1_22:0,0.0,0.0,0.0,0.0,0.0,0.0,0.0,0.0,0.0,0.0,0.0,0.0,0.0,0.0,0.0,0.0,0.0,0.0,0.0,0.0,0.0,0.0,0.0,0.0,0.0,0.0,0.0,0.0,0.0,0.0,0.0,0.0
GIPC_d18:0_h22:0,0.1277479202540221,0.13346129879949625,0.13276847399559583,0.09731034333535443,0.07386905194188947,0.07765541589066244,0.09226198256055522,0.08619089577310564,1.5461194957096052,1.5975918319122226,1.2342370274234646,1.667452029742873,0.8498742248731029,0.9984296804192583,0.9299040602006275,1.160967071300334,0.03024514217383061,0.055517696286013364,0.11202186875462135,0.05139868310485508,0.03130273457538479,0.025905000875305412,0.02865752114224135,0.017113833566857764,0.0,0.0,0.0,0.0,0.0,0.0,0.0,0.0
GIPC_t18:0_22:0,0.4576369724758579,0.5196000997218644,0.6173837500392715,0.5130653409949575,0.2442518135214978,0.24552560497081613,0.27247305263521054,0.3224625654511659,2.8292578710638954,3.335563794543072,3.8286476461749084,3.3220840622833467,1.0283035629263306,1.5709358753855696,1.3982573524478943,1.6816472108802984,0.2515255131399197,0.2518140816486036,0.31227501353151277,0.3032530052635331,0.0970150844396294,0.09120464776960872,0.10618010460865414,0.15160697165545295,2.5406876728357384,3.017782807933133,2.982557816399247,2.868117520149504,1.0845215528394243,1.6676278510812288,1.3904231572897723,1.9168476676635322
GIPC_t18:1_h22:0,0.0,0.0,0.0,0.0,0.0,0.0,0.0,0.0,1.3218516204694681,1.0791360408900494,0.9750516221423411,1.0835109073577267,0.641894006367372,0.715334726696382,0.9632684319195522,0.769936903790232,0.0,0.0,0.0,0.0,0.0,0.0,0.0,0.0,0.0,0.0,0.0,0.0,0.0,0.0,0.0,0.0
GIPC_t18:0_h22:0,2.702476368585066,3.0899058135399375,3.2612938900260025,3.1688023665856027,3.235066199232648,3.2720372089539014,3.5729628585011732,3.484663778358442,46.55637643458269,42.56439175843316,38.9932055971995,42.15628575531932,30.175088723989763,33.916052797682696,40.3630650230875,36.996483336262045,0.025081254217093663,0.021165093184051756,0.0,0.0,0.0,0.0,0.0,0.0,5.585564919526199,5.020733712386816,5.113309757872655,5.317961732298566,2.919470633548738,3.497539124711536,3.8335702527208975,3.965369869706675
GIPC_t18:1_24:1,0.0,0.0,0.0,0.0,0.0,0.0,0.0,0.0,0.0,0.0,0.0,0.0,0.0,0.0,0.0,0.0,0.0,0.0,0.0,0.0,0.0,0.0,0.0,0.0,0.6275825600075727,0.4586515399371612,0.6966218470650697,0.5808666657825357,0.23540757793730224,0.45627161823281237,0.3778785195937259,0.45999311477044735
GIPC_d18:1_h24:0,0.0647493790048867,0.07921589849311067,0.07556429743539594,0.06739346191678257,0.0522586293098518,0.041308179807261945,0.056920394283590775,0.08959284120538565,0.6339182965795281,0.4980099317464208,0.6977376145373131,0.6377065160771853,0.262662656714413,0.4596874922976077,0.3516821696605984,0.48850883154954633,0.0,0.0,0.0,0.0,0.0,0.0,0.0,0.0,0.0,0.0,0.0,0.0,0.0,0.0,0.0,0.0
GIPC_t18:1_24:0,0.17208182758983837,0.20018701293771451,0.1905298716337514,0.2172509145081677,0.19920018629997963,0.21308775827142398,0.28044333848753117,0.2790119706540164,2.175179570849723,2.2677936642514473,2.3913501210211923,2.5461209268796305,2.2105829859160027,2.4081493141098593,2.465658198618157,2.3261146012992047,0.0,0.0,0.008243582751481035,0.002201863429019145,0.019949137196971653,0.015659525860644116,0.0,0.0,0.036387194914275764,0.0,0.0,0.19757573008977697,0.06470151298464284,0.0,0.0,0.0009725564368810311
GIPC_t18:0_24:0,2.1715477156496736,2.4912131080496986,2.631099297611747,2.593712621233996,1.438523033311618,1.4635345885808015,1.5852139852023903,1.8449129779418385,19.669525814108464,17.582639567686428,19.026059093854833,18.780539751183856,11.322006871817223,13.375725872295765,14.554990377418921,15.45725428821928,1.0213015237700351,1.0475085024840904,1.1674933162179844,1.196278201894846,0.5576274212146076,0.5811137071370682,0.6342678634264467,0.783404047724606,12.27662082509685,12.161887965039703,12.391573492796383,11.867443798769049,6.159846207950306,7.765638669528367,7.033368926650174,10.169037851990893
GIPC_t18:0_h23:0,0.3851092124782516,0.4702844025232113,0.4646921694211223,0.5060617656049837,0.4171742522555349,0.45647794307479617,0.4737344984811486,0.4695068463698178,7.392251099490606,7.371322525560751,7.135816505477684,7.2752232376101285,4.378440348896357,4.906437189693498,5.289834857057708,5.073529258848096,0.027569455865561695,0.04708298605936823,0.05046192169044043,0.05613968878437585,0.013692625064811574,0.02540036190888262,0.0063369019907954125,0.0,1.547379201058934,1.4840996213339726,1.2168142623584053,1.0439038568722376,0.13975706229858612,0.08302295659932465,0.1784154959942202,0.24326349444142362
GIPC_t18:1_h24:1,0.15460025570237396,0.16820499126279634,0.1860384889483704,0.1945448425157582,0.1855641480656662,0.21832705246137868,0.24004730546748415,0.22452971198462343,4.400095847313518,4.339959877283024,4.341436589111722,4.380410327692611,3.1254359320727536,3.499799966793167,3.6948990350882074,3.7250501145966464,0.0,0.0,0.0,0.0,0.0,0.0,0.0,0.0,0.0,0.0,0.0,0.0,0.0,0.0,0.0,0.0
GIPC_t18:0_h24:1,5.985338189290523,7.095850041964736,6.556570829371354,6.665300155803649,7.221831022788902,7.379738579717227,8.09333254956179,7.688328758434759,97.7834097402991,97.66676598096339,93.8567635338859,100.60027223025605,87.89273448547783,98.60826319111165,100.14795725106818,97.7791255875779,0.28115440164950517,0.33287132652664625,0.3361317946563165,0.32672370815083934,0.17685938403231108,0.22008699920289837,0.20238453995307615,0.1544500258029966,0.0,0.0,0.0,0.0,0.0,0.0,0.0,0.0
GIPC_t18:1_h24:0,1.3562691259797937,0.0,0.0,2.0260674877944562,0.0,2.0481666184127647,0.0,0.0,14.026763255987575,14.16109140835731,14.140658589832269,13.71784439977257,9.539103921092568,10.764214407050499,11.774430929079765,11.388045660284519,0.0,0.0,0.0,0.0,0.0,0.0,0.0,0.0,0.0,0.0,0.0,0.0,0.0,0.0,0.0,0.0
GIPC_t18:0_h24:0,14.217634135824119,17.121586862992775,16.531792088929684,17.358262652085802,15.799590063224072,16.602219488080696,17.673075541229935,16.6644510063853,157.79805919356562,154.10910557125158,148.4884080529575,152.20738220403035,116.26492033449715,118.89078621208324,136.80809770007355,128.60342198858578,0.0,0.0,0.2830547697721518,0.0,0.0,0.0,0.0,0.0,31.457134782528097,29.677902466170494,29.91984085666763,29.14877036410546,17.504602994606604,16.90546890680888,18.985870725431056,17.601101588071668
GIPC_t18:1_26:0,0.0,0.0,0.0,0.0,0.0,0.0,0.0,0.0,0.39059710274912174,0.3521037983100417,0.4757937800205965,0.36972643201391203,0.41065194991276566,0.42120998940426496,0.5134177176196084,0.2827350121133885,0.0,0.0,0.0,0.0,0.0,0.0,0.0,0.0,0.0,0.0,0.0,0.0,0.0,0.0,0.0,0.0
GIPC_t18:0_h25:1,0.3810801819184738,0.54075357657897,0.5150554736904324,0.49606300723901475,0.4598138225999035,0.5299390255483907,0.5498549497996383,0.52962869631163,6.837984094111295,7.343013726467978,6.476599703584702,7.307247163547649,4.981538872170185,5.219087756043782,5.108597958675148,5.347132593004401,0.029640253561593253,0.0,0.01509989770818028,0.012572117940099967,0.0,0.0,0.0,0.0,1.1910541474001943,1.102380625837452,1.2545063196809612,0.8574607063960401,0.2305787877649519,0.2200728918889895,0.14682513639338352,0.07691791179596079
GIPC_t18:1_h25:0,0.0,0.0,0.0,0.0,0.0,0.0,0.0,0.0,0.0,0.0,0.0,0.0,0.0,0.0,0.0,0.0,0.0,0.0,0.0,0.0,0.0,0.0,0.0,0.0,0.0,0.0,0.0,0.0,0.0,0.0,0.0,0.0
GIPC_t18:0_26:0,0.8730032457185772,1.0221797403847013,1.043221423419512,0.8813800270971198,0.753364764290351,0.7877736981236952,0.8784013399411508,1.13360545372602,7.670084960655485,6.766057517942612,7.707419226932571,7.87102987568381,5.827321157209009,8.330064074423325,9.148497793778406,9.422864314097298,0.31009673964266116,0.38203220716032954,0.4082027296880244,0.3949716252845483,0.43561941500763013,0.39546245963450777,0.4587256560260218,0.565482160870456,3.223423668047938,3.438774761086923,3.653591047955128,3.6725800152630095,3.3348599464028896,4.307647453233308,4.518978012193359,4.852724733632348
GIPC_t18:0_h25:0,0.5683046305120447,0.7361470000664451,0.6046897285922413,0.6645140680648968,0.6232343286905772,0.6657810378056913,0.647885968044192,0.5880556469227104,10.947736446218105,11.776628380728598,9.9283805015342,11.084880604541231,7.559748612168883,7.6480620844949385,8.083061003352148,8.143987735002193,0.02792600949546093,0.016005517629748316,0.02545982854740151,0.022640577707932173,0.0,0.013125012718472842,0.00865099349689792,0.0,2.0152719234127763,1.4696012213527492,1.1238272079549811,1.6366351126656502,0.5197225557236744,0.29253973116313553,0.3755428237137099,0.2932849796975898
GIPC_t18:1_h26:1,0.06128549473516886,0.08490544216070146,0.06286970944693342,0.07350830245650847,0.08049543897367253,0.07804429699863061,0.07474849197748129,0.08682127562317235,0.9861982706058119,0.9096629332498217,1.0189686170567238,0.9266424085578064,0.8128791902225108,0.6657817725359828,0.7869425725612366,0.6942815557166356,0.0,0.0,0.0,0.0,0.0,0.0,0.0,0.0,0.0,0.0,0.0,0.0,0.0,0.0,0.0,0.0
GIPC_t18:0_h26:1,1.4653208907513802,1.7916004768569807,1.7333074880524875,1.7538248322097523,1.8585957078369788,1.9154294243794514,2.0709231238398913,1.9907474159258858,19.625134983593163,19.273949868342342,18.641087303374,19.55409009008618,15.822939481806952,16.92245538137571,19.214625916829586,17.29861058889954,0.0,0.0,0.0,0.0,0.0,0.0,0.0,0.0,1.0459563836015777,0.9486973061205835,1.6535060193220166,1.2672207430343914,0.865089732448373,0.5239674380077342,0.5271337820763066,0.880718605860984
GIPC_t18:1_h26:0,0.5596949609906176,0.6851564340801098,0.7256285769724925,0.7448829212016486,0.7061579844254329,0.7793790634291822,0.8648671539464183,0.8344273834374748,8.238371665865182,6.832714525083235,7.120382746382548,7.100856488109465,4.736035692907076,4.541209327304455,5.846057409933176,5.562910877409763,0.0,0.0,0.0,0.0,0.0,0.0,0.0,0.0,0.0,0.0,0.0,0.0,0.0,0.0,0.0,0.0
GIPC_t18:1_h28:1,0.0,0.0,0.0,0.0,0.0,0.0,0.0,0.0,0.0,0.0,0.0,0.0,0.0,0.0,0.0,0.0,0.0,0.0,0.0,0.0,0.0,0.0,0.0,0.0,0.0,0.0,0.0,0.0,0.0,0.0,0.0,0.0
GIPC_t18:0_h28:1,0.07036859581167082,0.06672563536450929,0.08248477932521465,0.0795009999631005,0.0947859679695412,0.07448393250545793,0.08777582294597872,0.09367611001552943,3.488376481807197,3.5641620013855455,3.3310244277598704,3.4425731081137427,2.8627691700073834,2.963926614689246,3.7967324961413746,2.908313339475935,0.0,0.0,0.0,0.0,0.0,0.0006855858711863946,0.00581492519882393,0.0,0.06939766031257057,0.0,0.0,0.0,0.0,0.0,0.0,0.0
GIPC_t18:1_h28:0,0.0,0.0,0.0,0.0,0.0,0.0,0.0,0.0,0.0,0.0,0.0,0.0,0.0,0.0,0.0,0.0,0.0,0.0,0.0,0.0,0.0,0.0,0.0,0.0,0.0,0.0,0.0,0.0,0.0,0.0,0.0,0.0
