compound,exp2_22deg_1,exp2_22deg_2,exp2_22deg_3,exp2_22deg_4,exp2_37deg_1,exp2_37deg_2,exp2_37deg_3,exp2_37deg_4,exp4_22deg_1,exp4_22deg_2,exp4_22deg_3,exp4_22deg_4,exp4_37deg_1,exp4_37deg_2,exp4_37deg_3,exp4_37deg_4,exp2_22deg_1_l,exp2_22deg_2_l,exp2_22deg_3_l,exp2_22deg_4_l,exp2_37deg_1_l,exp2_37deg_2_l,exp2_37deg_3_l,exp2_37deg_4_l,exp4_22deg_1_l,exp4_22deg_2_l,exp4_22deg_3_l,exp4_22deg_4_l,exp4_37deg_1_l,exp4_37deg_2_l,exp4_37deg_3_l,exp4_37deg_4_l,sum_exp2_22deg_1,sum_exp2_22deg_2,sum_exp2_22deg_3,sum_exp2_22deg_4,sum_exp2_37deg_1,sum_exp2_37deg_2,sum_exp2_37deg_3,sum_exp2_37deg_4,sum_exp4_22deg_1,sum_exp4_22deg_2,sum_exp4_22deg_3,sum_exp4_22deg_4,sum_exp4_37deg_1,sum_exp4_37deg_2,sum_exp4_37deg_3,sum_exp4_37deg_4,mean_sum_exp2_22deg,sd_sum_exp2_22deg,mean_sum_exp2_37deg,sd_sum_exp2_37deg,mean_sum_exp4_22deg,sd_sum_exp4_22deg,mean_sum_exp4_37deg,sd_sum_exp4_37deg,t_stat_exp2,p_val_exp2,p_val_adj_exp2,t_stat_exp4,p_val_exp4,p_val_adj_exp4,t_stat_22deg,p_val_22deg,p_val_adj_22deg,t_stat_37deg,p_val_37deg,p_val_adj_37deg,log2_fc_exp2,log2_fc_exp4,skew_exp2_22deg,skew_exp2_37deg,skew_exp4_22deg,skew_exp4_37deg
Cer_d18:0_16:1,0.0,0.0,0.0,0.0,0.0,0.0,0.0,0.0,0.0,0.31022212,0.40477213,0.4103441,0.54144704,0.29510233,0.2682668,0.1413543,0.0,0.0,0.0,0.0,0.0,0.0,0.0,0.0,0.0,0.0,0.0,0.0,0.0,0.0,0.0,0.0,-13.423114,-13.423114,-13.423114,-13.423114,-13.246105,-13.246105,-13.246105,-13.246105,-15.4560175,-9.507844,-9.241808,-9.228136,-8.852873,-9.459796,-9.555136,-10.195848,-13.423114,0.0,-13.246105,1.0662403e-06,-10.858452,2.656747,-9.515913,0.47608352,,,,-0.861537,0.44880337,0.5247547,,,,,,,0.17700863,1.3425388,,,-1.1486619,-0.05268167
Cer_d18:1_16:0,0.011683321,0.016081264,0.12543504,0.027236834,0.0,0.0,0.0,0.104916476,2.1618073,0.26881236,0.10447069,0.6538316,0.24069953,0.641243,1.8673245,3.6625516,0.0,0.0,0.0,0.0,0.0,0.0,0.0,0.0,0.0,0.0,0.0,0.0,0.0,0.0,0.0,0.0,-10.7540655,-10.434573,-8.38044,-9.907658,-13.246105,-13.246105,-13.246105,-8.382054,-7.5664325,-9.651119,-10.596226,-8.762282,-9.6635685,-8.683709,-7.614856,-6.9412026,-9.8691845,0.91111463,-12.030092,2.106196,-9.144015,1.1180964,-8.225835,1.0368586,1.6309798,0.17675142,0.21731731,-1.0429348,0.3373833,0.4273522,-0.87084365,0.41862085,0.4658845,-2.80679,0.043797996,0.07195385,-2.1609077,0.91818047,0.8018609,1.1547002,0.1410939,-0.16143835
Cer_d18:0_16:0,1.3607081,1.3444518,1.7357992,1.3415096,2.9556875,3.7496326,3.815411,3.6209788,13.400314,12.987881,11.77746,12.713986,16.279226,20.486597,15.527933,17.393597,1.2098746,1.1776853,1.4385997,1.0762423,2.6779442,4.2637267,3.167761,3.4225924,5.725892,5.958604,5.2447534,5.2704453,32.88751,44.1813,35.490192,41.49726,-5.36034,-5.379366,-5.1493545,-5.4216347,-4.39871,-4.046354,-4.183961,-4.1753488,-5.3863177,-5.3957586,-5.502858,-5.4478707,-4.3441453,-4.0700974,-4.3071814,-4.1636767,-5.327674,0.10531571,-4.201093,0.12644453,-5.4332013,0.04654915,-4.2212753,0.110282846,-11.857733,2.7331393e-05,0.0007667894,-17.53585,5.8217316e-05,0.00063207373,1.5873884,0.18540257,0.23444113,0.20834564,0.84197515,0.893789,1.1265807,1.211926,0.99898356,-0.49343652,-0.46000347,0.2157017
Cer_t18:1_16:0,0.029185582,0.027262243,0.02842734,0.020617263,0.007485662,0.01103109,0.008913142,0.0066117337,0.26630357,0.38631988,0.34301686,0.37820852,0.13047175,0.19121388,0.17452006,0.13453688,0.0,0.0,0.0,0.0,0.0,0.0,0.0,0.0,0.0,0.0,0.0,0.0,0.0,0.0,0.0,0.0,-9.838553,-9.906725,-9.864877,-10.186099,-11.02223,-10.634501,-10.8476925,-11.146374,-9.660496,-9.288466,-9.407352,-9.309687,-10.275961,-9.893725,-9.985078,-10.245279,-9.949063,0.13899487,-10.9127,0.1924972,-9.4165,0.14783376,-10.10001,0.1641833,7.0296144,0.0006226111,0.0052534086,5.358542,0.0017909302,0.009074046,-4.545882,0.003946032,0.011344842,-5.563614,0.0015492178,0.0059386683,-0.9636364,-0.6835098,-1.0516366,0.27100036,-0.86723983,0.10073977
Cer_t18:0_16:0,3.1992612,2.6010988,3.0060158,2.3438885,0.8688362,1.0642847,1.0296246,0.89785856,25.668386,25.529001,27.119492,25.04398,9.340308,10.213567,9.59224,10.459779,1.6988989,1.4457282,1.6074189,1.2201649,0.51847094,0.8010484,0.60195595,0.6226837,10.840034,11.408771,12.210812,10.112965,12.145008,12.006661,12.810125,14.41479,-4.715613,-4.9065394,-4.7755,-5.033574,-5.8000994,-5.5040245,-5.6379147,-5.708397,-4.7398343,-4.7281423,-4.665382,-4.777555,-5.171993,-5.1383595,-5.130196,-5.0255165,-4.857806,0.12274217,-5.662609,0.10811913,-4.7277284,0.040362414,-5.116516,0.054824416,8.5220585,0.00015565549,0.0019456936,9.891355,0.00010261879,0.0009748785,-1.7437081,0.16317673,0.21652296,-7.8025327,0.0009316776,0.0047302423,-0.8048029,-0.38878775,-0.28572035,0.2587778,0.4443259,0.86451256
Cer_d18:1_18:0,0.01083777,0.02728124,0.2007795,0.04291632,0.00921571,0.004701387,0.014608125,0.19414428,4.6484594,0.49385008,0.22120136,1.3728967,0.40244773,1.3887448,4.0903244,7.3883414,0.0,0.00523182,0.0034538002,0.0054986645,0.0,0.0,0.0,0.0,0.0,0.0,0.0,0.0,0.04418805,0.0,0.10593323,0.044492394,-10.829191,-9.730586,-7.892965,-9.332418,-10.81431,-11.487362,-10.3536415,-7.766618,-6.8008413,-9.0429,-9.846059,-8.020454,-9.045375,-7.910962,-6.8051696,-6.233455,-9.44629,1.0510739,-10.105482,1.4092461,-8.427564,1.1404748,-7.4987407,1.0774962,0.64944446,0.54197955,0.6066935,-1.0253631,0.34486318,0.4296656,-1.1376822,0.2989093,0.3495719,-2.5451424,0.046426754,0.07449874,-0.6591921,0.928823,0.23288992,0.87396955,0.2165576,-0.28186598
Cer_t18:1_20:0,0.0,0.0031506654,0.009398366,0.009429979,0.0,0.003931247,0.0051897555,0.0044634687,0.10987384,0.071798146,0.0,0.04883525,0.0,0.0,0.0,0.0,0.0,0.0,0.0,0.0,0.0,0.0,0.0,0.0,0.0,0.0,0.0,0.0,0.0,0.0,0.0,0.0,-13.423114,-12.064614,-10.971692,-10.968334,-13.246105,-11.666263,-11.388533,-11.539293,-10.545799,-10.971273,-15.4560175,-11.35668,-15.358004,-15.358004,-15.358004,-15.358004,-11.856938,1.0086269,-11.960049,0.7489855,-12.082443,1.9687375,-15.358004,0.0,0.14215656,0.89198625,0.92915237,,,,0.17657028,0.86755687,0.8934541,,,,-0.10311031,-3.2755604,-0.5981961,-1.0951296,-1.0815539,
Cer_t18:0_20:0,0.27294248,0.13162652,0.20414533,0.127182,0.16406772,0.19820264,0.271446,0.24663189,1.4939617,1.3439884,1.5737764,1.5136684,1.8876976,1.8616309,2.256106,1.9744505,0.040378932,0.022222852,0.044863068,0.025387269,0.12262767,0.15549526,0.17565066,0.18123974,0.0,0.100418516,0.15794203,0.2017455,3.079759,2.5206904,3.8053145,3.8618243,-7.4649982,-8.176254,-7.6947412,-8.184609,-7.376799,-7.166776,-6.9324446,-6.976396,-7.9359455,-7.9696784,-7.788263,-7.797723,-6.6364546,-6.761784,-6.4374185,-6.47527,-7.880151,0.31108707,-7.1131043,0.1758854,-7.872903,0.080863856,-6.5777316,0.12991333,-3.7176492,0.015135907,0.03547478,-14.659778,2.5853582e-05,0.0003761298,-0.0390566,0.97102576,0.97102576,-4.2407556,0.006545779,0.016130669,0.76704645,1.2951713,0.19716196,-0.46126795,-0.05939793,-0.29635832
Cer_t18:1_22:0,0.0121855885,0.015243898,0.007958685,0.01960559,0.0135143455,0.008490309,0.01343859,0.003892999,0.24219745,0.32940656,0.2969378,0.24742936,0.07829405,0.122879624,0.08305328,0.14316255,0.0,0.0,0.0,0.0,0.0,0.0,0.0,0.0,0.0,0.0,0.0,0.0,0.0,0.0,0.0,0.0,-10.711974,-10.488049,-11.137964,-10.236413,-10.431468,-10.896294,-10.437089,-11.67604,-9.755379,-9.44784,-9.55161,-9.734007,-10.786646,-10.335913,-10.727635,-10.183137,-10.6436,0.33131126,-10.860223,0.5073784,-9.62221,0.12808377,-10.508332,0.25545686,0.6191738,0.5620916,0.6109691,5.3708134,0.0043552895,0.014391392,-4.980468,0.008234534,0.01893943,-1.0729384,0.33824372,0.4322003,-0.21662235,-0.8861227,-0.3427812,-0.74348295,0.22541505,0.1111375
Cer_t18:0_22:0 ,1.6895266,0.9585867,1.4390713,1.0154719,1.3564862,1.3666853,1.4378694,1.3720968,7.9841647,7.0412903,8.476839,8.448306,9.131336,10.857817,10.1467285,10.407598,0.52774626,0.30510914,0.46623248,0.31320232,0.9214846,1.0437219,0.9713326,0.99673074,2.076262,2.0376983,1.9661688,2.1386573,12.173728,13.937342,13.03501,16.748508,-5.508195,-6.070432,-5.6598315,-6.020291,-5.304179,-5.2476683,-5.2481685,-5.265069,-6.0287676,-6.1314144,-5.9914446,-5.9777536,-5.180418,-5.028714,-5.095998,-4.937761,-5.8146873,0.23748483,-5.2662716,0.02297955,-6.032345,0.060167696,-5.060723,0.08904418,-3.981172,0.027397752,0.047786776,-15.659772,1.2795657e-05,0.0002431175,1.5388254,0.21127398,0.26031974,-3.8714104,0.024340477,0.04306392,0.54841566,0.971622,0.13226263,-0.867353,-0.8507052,0.0471582
Cer_d18:1_24:1,0.04870539,0.01921639,0.040151495,0.025942609,0.013566365,0.01165138,0.013324726,0.013458069,0.0,0.0,0.0,0.0,0.0,0.0,0.0,0.0,0.0,0.0,0.0,0.0,0.0,0.0,0.0,0.0,0.0,0.0,0.0,0.0,0.0,0.0,0.0,0.0,-9.326438,-10.256464,-9.519568,-9.956341,-10.427626,-10.579795,-10.445598,-10.43564,-15.4560175,-15.4560175,-15.4560175,-15.4560175,-15.358004,-15.358004,-15.358004,-15.358004,-9.764703,0.36425304,-10.472164,0.06246563,-15.4560175,1.0662403e-06,-15.358004,0.0,3.3156312,0.041567095,0.06494859,,,,,,,,,,-0.70746136,0.09801388,-0.13992353,-1.1190414,,
Cer_t18:1_24:1 ,0.0049359356,0.009895603,0.010674269,0.004071608,0.0027850205,0.001699986,0.0,0.0,0.052996464,0.11793066,0.05935974,0.06332292,0.004311136,0.008766579,0.006310034,0.01888949,0.0,0.0,0.0,0.0,0.0,0.0,0.0,0.0,0.0,0.0,0.0,0.0,0.0,0.0,0.0,0.0,-11.615685,-10.920137,-10.844392,-11.80819,-12.010964,-12.5046,-13.246105,-13.246105,-11.274907,-10.475036,-11.161516,-11.096885,-13.685917,-12.9761715,-13.304976,-12.208512,-11.297101,0.42123497,-12.751944,0.5240755,-11.002087,0.31089315,-13.043894,0.5437845,3.7476776,0.01036133,0.026796542,5.6459255,0.002809488,0.010871307,-0.9760105,0.36986697,0.41837412,0.66957027,0.5280752,0.6175795,-1.4548426,-2.0418072,-0.06518959,0.3137118,1.0083042,0.46775705
Cer_t18:0_24:1 ,1.8276845,1.5382578,1.7472794,1.5267411,1.0723313,1.1887203,1.1192423,1.1193144,10.006145,10.761643,11.958909,12.184603,8.6675,8.278991,9.927133,7.7091455,0.34120426,0.3310375,0.31017193,0.2997186,0.57752573,0.6760434,0.6347416,0.63540465,1.8514311,1.6506686,1.9936291,1.8991462,6.428151,6.0555396,6.593185,6.095393,-5.5302577,-5.678911,-5.583005,-5.702093,-5.6267753,-5.5043297,-5.565574,-5.5651555,-5.86441,-5.8186884,-5.7017155,-5.6923556,-5.5249557,-5.576691,-5.4347715,-5.614365,-5.623567,0.06996649,-5.565459,0.04329141,-5.7692924,0.074116826,-5.537696,0.06736938,-1.2232695,0.27569485,0.32307988,-4.0049787,0.007210893,0.021383708,2.4763763,0.04817225,0.077299654,-0.60048497,0.57378966,0.63857234,0.05810833,0.23159647,0.16453141,-0.006492907,-0.13329333,0.47619662
Cer_t18:1_24:0 ,0.12200476,0.1027464,0.12827101,0.115601666,0.09571729,0.07867686,0.08719608,0.078273624,1.3982362,1.193249,1.5156504,1.1016319,0.8394762,0.7799616,0.86613506,0.7295726,0.0,0.0,0.0,0.0,0.0,0.041366752,0.0,0.03654128,0.0,0.0,0.0,0.0,0.0,0.0,0.0,0.0,-8.408168,-8.579964,-8.358083,-8.462078,-8.473821,-8.247364,-8.5670595,-8.291898,-8.002166,-8.160697,-7.9215326,-8.240584,-8.41434,-8.487873,-8.383077,-8.554659,-8.452073,0.08248933,-8.395035,0.1306174,-8.081245,0.12595953,-8.459988,0.06659438,-0.63950354,0.55029774,0.60694605,4.604153,0.007315479,0.021383708,-4.2658367,0.007385884,0.01757331,0.76733124,0.48149508,0.5728131,0.057038307,-0.37874222,-0.5245958,-0.14162149,0.0026934359,-0.27098262
Cer_t18:0_24:0 ,7.71098,5.8389153,7.5427713,5.793808,2.9509819,3.204344,3.0395224,2.7442744,34.279476,33.506565,37.513866,40.934288,29.480883,30.799082,38.155884,30.833092,1.2057235,0.98947746,1.1372514,0.9275079,1.2864199,1.5540465,1.4280971,1.2542889,5.773314,5.521611,6.0078835,5.6456723,21.589106,23.708658,24.226023,26.287857,-4.1165466,-4.3833833,-4.1434484,-4.399189,-4.6835136,-4.5675545,-4.6306086,-4.741529,-4.6471786,-4.6730933,-4.5641165,-4.4962068,-4.3061657,-4.2410197,-4.106087,-4.1941915,-4.2606416,0.13110922,-4.6558013,0.06430277,-4.595149,0.06988381,-4.211866,0.07287646,4.6869907,0.007593942,0.022779863,-6.5749516,0.00059792615,0.003832085,3.8997078,0.0135470275,0.02804602,-7.911529,0.00023361313,0.0014653915,-0.39515972,0.38328314,0.010295828,0.04879598,0.2813578,0.21041301
Cer_t18:1_26:1 ,0.017174212,0.008643706,0.008525541,0.019175278,0.0076952195,0.008986874,0.012247015,0.0072288667,0.029092439,0.0,0.016954359,0.0,0.0,0.0,0.0,0.018897926,0.0,0.0,0.0,0.0097062895,0.0,0.0,0.0,0.0,0.0,0.0,0.0,0.0,0.0,0.0,0.0,0.0,-10.368819,-11.055397,-11.069161,-9.849025,-10.99462,-10.839455,-10.529937,-11.0571375,-11.874654,-15.4560175,-12.414607,-15.4560175,-15.358004,-15.358004,-15.358004,-12.208066,-10.585601,0.5109006,-10.855288,0.20387545,-13.8003235,1.6666628,-14.570519,1.363963,0.849174,0.44439328,0.50499237,0.6194254,0.55926627,0.6343916,3.1941419,0.03901483,0.06902624,4.666012,0.016854873,0.032305174,-0.2696867,-0.77019596,0.36191604,0.6937105,0.039099466,1.154701
Cer_t18:0_26:1 ,1.570769,1.4012207,1.7059042,1.4143333,0.70218813,0.72648406,0.73965883,0.69745415,5.610269,5.9844127,6.5180697,7.232856,5.6532702,4.9578776,7.552164,4.4417224,0.10653868,0.11775345,0.093999766,0.10521325,0.23257284,0.25503272,0.2585529,0.28353316,0.6066348,0.7221312,0.6166937,0.806946,2.7703793,2.394848,2.856919,2.4034822,-5.787283,-5.8864374,-5.716739,-5.8860607,-6.1949286,-6.14612,-6.129254,-6.14666,-6.510105,-6.4342933,-6.372398,-6.2529726,-6.1083193,-6.2442913,-5.8966837,-6.3158145,-5.81913,0.07160329,-6.1542406,0.024511553,-6.3924427,0.09414035,-6.1412773,0.15967731,7.6692543,0.0021324246,0.00960003,-2.3469217,0.0672878,0.10436475,8.395608,0.00022268927,0.0013968691,-0.13898735,0.897896,0.9228229,-0.33511066,0.2511654,0.34117433,-0.86216855,0.30526492,0.5071349
Cer_t18:1_26:0 ,0.08911256,0.08599527,0.10317789,0.09067017,0.056859687,0.046663642,0.070768334,0.044707697,0.9716588,0.95782447,1.0966436,1.310645,0.9415313,0.69821787,1.3699465,0.63526213,0.0,0.0,0.0,0.0,0.0,0.0,0.0,0.0,0.0,0.0,0.0,0.0,0.0,0.0,0.0,0.0,-8.722327,-8.757936,-8.575773,-8.705,-8.994633,-9.192254,-8.775807,-9.235074,-8.366128,-8.380467,-8.245123,-8.066857,-8.29961,-8.598587,-7.924591,-8.69308,-8.690259,0.0687982,-9.049441,0.18216373,-8.264644,0.12571266,-8.378967,0.2998562,3.1949177,0.03503958,0.057129752,0.6090085,0.57523376,0.64290833,-5.1441164,0.004469288,0.011860803,-3.3099256,0.0215704,0.039167304,-0.35918236,-0.114323616,0.88627976,0.46914256,0.64751667,0.48888692
Cer_t18:0_28:1,0.38092646,0.28463793,0.39321607,0.3151352,0.2481495,0.2607597,0.25795892,0.26283953,2.5177467,2.5389616,2.874017,3.1315384,2.4445596,2.0346391,3.6137087,2.2210588,0.0021932612,0.0026330296,0.0,0.0,0.027970089,0.022489939,0.039063986,0.031651266,0.0,0.0,0.0,0.021459932,0.4448773,0.31798306,0.6187891,0.44214442,-7.2638803,-7.551802,-7.237869,-7.459226,-7.4143853,-7.3888907,-7.34141,-7.349972,-7.414013,-7.405622,-7.2816663,-7.1890235,-7.178301,-7.383832,-6.7965703,-7.259833,-7.3781943,0.13178088,-7.3736644,0.029545352,-7.3225813,0.09322986,-7.154634,0.21929902,-0.058096815,0.9570127,0.9570127,-1.2207344,0.2884552,0.37797576,-0.5967147,0.57483226,0.61020654,-1.7144394,0.18174843,0.25593147,0.004529953,0.16794729,-0.16468424,-0.23456463,0.34364817,0.7748884
Cer_t18:1_28:0 ,0.027115263,0.033730444,0.043129798,0.026508434,0.020602211,0.011249034,0.011653718,0.013878402,0.0,0.0,0.0,0.0,0.0,0.0,0.0,0.0,0.0,0.0,0.0,0.0,0.0,0.0,0.0,0.0,0.0,0.0,0.0,0.0,0.0,0.0,0.0,0.0,-9.912131,-9.693828,-9.448014,-9.934765,-10.009821,-10.614937,-10.579594,-10.404885,-15.4560175,-15.4560175,-15.4560175,-15.4560175,-15.358004,-15.358004,-15.358004,-15.358004,-9.747185,0.19668734,-10.402309,0.24015304,-15.4560175,1.0662403e-06,-15.358004,0.0,3.6554222,0.011374999,0.028437497,,,,,,,,,,-0.65512466,0.09801388,0.5204523,0.8172428,,
Cer_t18:0_28:0 ,0.84380275,0.6456038,0.8717279,0.72373754,0.49004078,0.55960566,0.61593384,0.56333864,6.1346936,5.7886515,6.551515,7.440665,6.063466,6.1591916,8.384588,6.26916,0.030010479,0.028202906,0.05873436,0.034741133,0.17025095,0.21285358,0.29988334,0.27683827,0.4821286,0.3821849,0.54286903,0.6203773,2.8266697,2.5566983,4.7918267,3.325891,-6.4393616,-6.6992846,-6.3765464,-6.5809135,-6.5425377,-6.38564,-6.2154026,-6.3016067,-6.447762,-6.517543,-6.3780737,-6.2503343,-6.0544205,-6.074215,-5.660934,-5.978115,-6.5240264,0.1253695,-6.361297,0.120715454,-6.3984284,0.09870188,-5.941921,0.16614868,-1.619491,0.1565395,0.1989909,-4.0914555,0.009912876,0.026906379,-1.3633822,0.22426435,0.2714779,-3.5369027,0.014274431,0.028141022,0.16272926,0.4565072,-0.22235417,-0.37658194,0.37603644,1.0028378
hCer_d18:1_h16:0,0.0,0.0,0.0,0.0,0.0,0.0,0.0,0.0,0.32872748,0.30543634,0.63695693,0.5752645,0.83811235,0.4729813,0.39034173,0.27687213,3.8971744,3.244765,3.7224932,2.8158245,1.0259022,1.3399866,1.252264,1.1841993,11.247984,11.152559,11.629169,10.626084,4.228394,4.5156612,4.697977,4.640337,-4.944221,-5.12743,-4.990079,-5.2692175,-6.1018915,-5.8348045,-5.902511,-5.9583974,-5.8883815,-5.8986893,-5.8305354,-5.921343,-6.616711,-6.632199,-6.6124153,-6.6466217,-5.082737,0.12702818,-5.949401,0.098317474,-5.8847375,0.033487868,-6.6269865,0.013514916,9.345028,0.00012100054,0.0019456936,35.60053,4.1886547e-06,0.00010611259,10.5741415,0.000996874,0.0038213502,11.825764,0.0010882416,0.0047302423,-0.86666393,-0.742249,-0.38065112,-0.5099706,0.7151257,-0.35781595
hCer_d18:0_h16:0,1.2326862,0.0,1.5564307,1.3211408,2.498093,2.6878417,2.803965,2.5464013,11.107277,10.647774,10.442713,10.37987,14.846046,14.319842,14.336395,14.986782,0.5817463,0.8204864,0.8033894,0.6516067,0.0,3.5955713,3.3650784,3.1291907,6.13103,6.295321,5.6054573,4.943911,26.149525,24.344606,26.174051,30.425863,-5.7087,-6.502331,-5.445887,-5.6250453,-5.2119365,-4.289551,-4.3079205,-4.391289,-5.490243,-5.507517,-5.5617824,-5.607971,-4.5258985,-4.584442,-4.5378027,-4.423572,-5.820491,0.40494746,-4.550174,0.38398737,-5.541878,0.046398703,-4.5179286,0.058706272,-3.9426959,0.0076439893,0.022779863,-23.701382,6.538775e-07,2.4847346e-05,-1.1839421,0.31972894,0.36768827,-0.14377965,0.8944096,0.9228229,1.2703166,1.0239496,-0.96214056,-1.1210057,-0.29622284,0.66409326
hCer_t18:1_h16:0,0.13672182,0.11444631,0.13592464,0.10897011,0.054870784,0.03749095,0.035110973,0.048825767,0.58809316,0.6575782,0.7748348,0.66964436,0.38679838,0.38647932,0.45241967,0.43161124,0.0,0.0,0.0,0.0,0.0,0.0,0.0,0.0,0.0,0.0,0.0,0.0,0.0,0.0,0.0,0.0,-8.29428,-8.472122,-8.300127,-8.521154,-9.030238,-9.411119,-9.476706,-9.146961,-8.868247,-8.756569,-8.592483,-8.738385,-9.189215,-9.19004,-9.032508,-9.079593,-8.396921,0.10123412,-9.266256,0.18385464,-8.738921,0.098083094,-9.122839,0.06883242,7.1741524,0.0010893197,0.0074271797,5.5494375,0.0020687848,0.009775782,4.2024508,0.005682952,0.014441626,-1.2653308,0.2773454,0.375232,-0.8693352,-0.3839178,-0.08541387,0.099942185,0.25746757,0.17021911
hCer_t18:0_h16:0,5.444482,3.186432,4.6183543,3.631622,2.065457,2.3457077,2.0049748,2.1032,17.03768,15.877093,19.291576,18.355858,12.774616,12.230597,13.024369,12.746559,0.309576,0.191857,0.2513634,0.22916675,0.19321963,0.1912949,0.17843631,0.16844659,1.7377442,1.676433,2.1464977,1.5786581,2.1863537,1.6627462,1.9937252,2.374744,-4.5545673,-5.0871034,-4.7214365,-4.9536014,-5.312685,-5.1964808,-5.3465757,-5.306959,-5.4048285,-5.472122,-5.2722087,-5.3449244,-5.533918,-5.6079526,-5.530107,-5.523258,-4.829177,0.2055638,-5.290675,0.056451444,-5.3735213,0.07379753,-5.548809,0.034359556,3.7496955,0.025970077,0.04641552,3.729623,0.018273704,0.040847104,4.3168163,0.014263824,0.02812011,6.7654533,0.0011112402,0.0047302423,-0.46149826,-0.17528772,0.08271451,0.89785224,0.046023242,-1.1115566
hCer_t18:1_h20:0 ,0.013478149,0.0,0.022402475,0.009809903,0.0073842695,0.0,0.0,0.0,0.09742224,0.11925101,0.09840775,0.10147338,0.18739922,0.21074411,0.2951384,0.2165632,0.0,0.0,0.0,0.0,0.0,0.0,0.0,0.0,0.0,0.0,0.0,0.0,0.0,0.0,0.0,0.0,-10.611158,-13.423114,-10.103057,-10.928836,-11.035868,-13.246105,-13.246105,-13.246105,-10.666078,-10.4639015,-10.656013,-10.625336,-9.913877,-9.7964735,-9.459674,-9.769236,-11.2665415,1.2794601,-12.693545,0.95706093,-10.602832,0.08160311,-9.734816,0.16789299,1.5468982,0.17674333,0.21731731,-8.053877,0.0009059577,0.005296368,-0.8966656,0.43548822,0.47696328,-5.274054,0.01141478,0.023867268,-1.4270039,0.86801624,-0.9709686,1.1546992,1.042875,0.78248405
hCer_t18:1_h22:0,0.15996912,0.082651,0.15072322,0.102660954,0.06448936,0.04898574,0.048136115,0.055445295,0.55740243,0.6967207,0.7581758,0.70042527,0.29110685,0.41981116,0.44310102,0.40454414,0.0,0.0,0.0,0.0,0.0,0.0,0.0,0.0,0.0,0.0,0.0,0.0,0.0,0.0,0.0,0.0,-8.137247,-8.797601,-8.196783,-8.580796,-8.868719,-9.14369,-9.161186,-9.019822,-8.9218445,-8.698748,-8.614217,-8.693445,-9.473428,-9.107313,-9.05332,-9.144357,-8.428107,0.27292395,-9.048354,0.11715678,-8.732063,0.114570916,-9.194605,0.16420138,3.617083,0.0217666,0.042960394,4.0012994,0.008946899,0.025183864,1.7786263,0.14946991,0.202224,1.2558175,0.26054832,0.35955667,-0.6202469,-0.46254158,-0.20930274,0.5467532,-0.84847414,-1.0200572
hCer_t18:0_h22:0,4.1001062,2.2903192,3.6998749,2.6615145,1.898707,1.910976,1.7580043,1.8458698,16.90425,15.231106,16.408367,16.924435,9.673448,10.960614,13.306448,12.267833,0.0,0.0,0.0,0.0,0.0,0.0,0.0,0.0,0.28671268,0.29686242,0.36356586,0.12667382,3.3027198,3.3300126,4.311916,5.166977,-4.89346,-5.4757814,-4.996174,-5.3255773,-5.486291,-5.47985,-5.563285,-5.5145135,-5.4929934,-5.594734,-5.51767,-5.501162,-5.676248,-5.5797586,-5.370421,-5.3808937,-5.172748,0.23683664,-5.510985,0.03288968,-5.52664,0.040306635,-5.50183,0.13075595,2.4501054,0.088504955,0.12068857,-0.31405914,0.7709805,0.81381273,2.5514219,0.07928865,0.11893297,-0.117605105,0.91303176,0.9228229,-0.3382368,0.024809837,-0.07728083,-0.6876418,-0.9941116,-0.19473256
hCer_d18:1_h24:0,0.030626887,0.03549438,0.032363318,0.027361639,0.01665795,0.01967132,0.02260191,0.025192551,0.25541773,0.23329902,0.28528208,0.3186588,0.26752603,0.2758408,0.2919076,0.07493951,0.0,0.0,0.0,0.0,0.0,0.0,0.0,0.0,5.0720124,4.91074,5.2478266,5.8487644,3.9811625,4.170045,5.244537,4.130453,-9.79035,-9.642854,-9.735203,-9.903086,-10.222332,-10.056058,-9.917185,-9.808671,-6.664508,-6.699538,-6.6266274,-6.518096,-6.7927523,-6.7473836,-6.52801,-6.8029947,-9.767874,0.09418712,-10.001061,0.15494728,-6.6271925,0.06806011,-6.717785,0.11154759,2.227415,0.076947466,0.10687148,1.2008021,0.2839962,0.37797576,-46.81263,2.5199729e-08,1.7387813e-06,-29.785866,3.018993e-07,2.083105e-05,-0.23318768,-0.090592384,-0.14792563,-0.2210065,0.68819755,1.0390558
hCer_t18:1_h23:0,0.019699581,0.0,0.0,0.0,0.0,0.0,0.0,0.0069692046,0.0,0.0,0.0,0.0,0.0,0.0,0.0,0.0,0.0,0.0,0.0,0.0,0.0,0.0,0.0,0.0,0.0,0.0,0.0,0.0,0.0,0.0,0.0,0.0,-10.23163,-13.423114,-13.423114,-13.423114,-13.246105,-13.246105,-13.246105,-11.093719,-15.4560175,-15.4560175,-15.4560175,-15.4560175,-15.358004,-15.358004,-15.358004,-15.358004,-12.625243,1.3819529,-12.708009,0.93201077,-15.4560175,1.0662403e-06,-15.358004,0.0,0.0860023,0.9346424,0.94971836,,,,,,,,,,-0.08276558,0.09801388,1.154701,1.1547014,,
hCer_t18:0_h23:0,0.5013889,0.29693016,0.38913897,0.31001592,0.21154255,0.18227084,0.17510559,0.17879723,1.6984264,1.6315881,1.6763133,1.7093809,1.1082864,1.2872344,1.297824,0.9341644,0.0101636825,0.0036044572,0.002888611,0.0035928767,0.010959891,0.017662143,0.033716004,0.020688867,0.001912424,0.07242279,0.010788258,0.0,0.059313554,0.04871892,0.086723045,0.16993035,-6.9747777,-7.5066648,-7.2408957,-7.464082,-7.6302814,-7.737237,-7.693739,-7.739475,-7.8065495,-7.8043923,-7.8143654,-7.8012457,-8.084413,-7.9497175,-7.9139895,-8.140337,-7.296605,0.21145324,-7.700183,0.044284854,-7.8066387,0.0048435614,-8.022114,0.0932603,3.23558,0.042615097,0.06522719,3.9964643,0.027793912,0.058676038,4.1766796,0.024946416,0.04570835,5.4009795,0.004654857,0.013382713,-0.4035778,-0.21547508,0.51665705,0.662888,-0.64485794,-0.077254236
hCer_t18:1_h24:1,0.8157615,0.44559732,0.69876164,0.53250575,0.29190207,0.2855142,0.2813291,0.28188106,2.8250859,3.2707138,4.0106053,3.6699378,1.955293,2.05945,2.810137,2.2520347,0.0,0.0,0.0,0.0,0.0,0.0,0.0,0.0,0.0,0.0,0.0,0.0,0.0,0.0,0.0,0.0,-6.5081058,-7.112812,-6.662918,-6.934634,-7.358801,-7.3809276,-7.3956943,-7.393734,-7.298838,-7.152369,-6.948435,-7.0372024,-7.5688224,-7.516924,-7.2061296,-7.4275284,-6.804618,0.2344601,-7.3822894,0.014698923,-7.1092114,0.13120146,-7.429851,0.13870059,4.259129,0.023365756,0.043810792,2.908835,0.027117318,0.058676038,1.9636168,0.11030615,0.15532906,0.59062797,0.5954689,0.6521802,-0.5776715,-0.3206396,-0.04959569,0.71270376,-0.26231277,0.7358099
hCer_t18:0_h24:1,14.537862,8.83632,12.425317,9.473639,6.1591854,6.4852376,5.771524,5.5704947,50.494,51.443634,62.969078,56.869617,37.643147,37.89957,42.444035,39.260723,0.22211999,0.23601003,0.29186243,0.21893133,0.65788525,0.70825183,0.82048005,0.7321308,1.3442737,1.2240132,0.48110607,0.5295474,4.542341,2.9197314,4.7268567,4.7704525,-3.6125531,-4.0992436,-3.761519,-4.033113,-4.208034,-4.154288,-4.2416067,-4.2864976,-4.3892484,-4.373376,-4.187122,-4.2873473,-4.4972863,-4.5302076,-4.385586,-4.454465,-3.8766074,0.19813563,-4.2226067,0.04827753,-4.3092737,0.080478065,-4.4668865,0.05407822,2.9386606,0.052757047,0.077583894,2.815536,0.035330314,0.0665265,3.504225,0.025172714,0.04570835,5.83653,0.001165422,0.0047302423,-0.34599924,-0.1576128,0.16284472,0.12065556,0.5075762,0.40675977
hCer_t18:1_h24:0,0.6452833,0.33814302,0.6430483,0.4819712,0.27171966,0.231157,0.22082233,0.22727267,1.7742666,1.9306406,2.3514738,2.3309767,1.513252,1.2929548,1.5296911,1.2703763,0.0,0.0,0.0,0.0,0.0,0.0,0.0,0.0,0.0,0.0,0.0,0.0,0.0,0.0,0.0,0.0,-6.7425385,-7.388759,-6.746008,-7.0343437,-7.4304485,-7.592122,-7.637861,-7.609069,-7.76399,-7.6795254,-7.4823346,-7.49109,-7.825102,-7.9824324,-7.8142967,-8.00005,-6.9779124,0.26512268,-7.567375,0.08072778,-7.6042347,0.121296965,-7.90547,0.08608152,3.6839743,0.02599269,0.04641552,3.5078783,0.0150534585,0.03690525,3.7208436,0.018728385,0.03589607,4.9621534,0.0025766557,0.008351787,-0.58946276,-0.3012352,-0.59049857,1.0118798,-0.17429113,-0.00977126
hCer_t18:0_h24:0,10.762536,6.8549795,10.474207,8.22708,4.8850265,4.762379,4.6771073,4.5713916,39.840065,36.345303,38.28389,41.240654,24.588501,26.872206,29.161152,27.360619,0.10800033,0.06708338,0.09145122,0.058688127,0.3972289,0.42153782,0.50006944,0.41324764,0.0032104068,0.16633914,0.20793949,0.0,3.6531389,3.4364924,4.589102,5.095575,-3.9184165,-4.369759,-3.9468637,-4.1899333,-4.463111,-4.481903,-4.483204,-4.521103,-4.6524234,-4.739746,-4.686931,-4.6179523,-4.8985653,-4.827928,-4.7203746,-4.7594714,-4.106243,0.1851522,-4.4873304,0.021057356,-4.6742635,0.044989932,-4.801585,0.06794818,3.5421386,0.036770936,0.058677025,2.7061057,0.04073644,0.07036294,5.163435,0.0106494175,0.023703542,7.6515865,0.0024486524,0.008351787,-0.3810873,-0.12732172,-0.32336977,-0.6448276,-0.2576312,-0.25509146
hCer_t18:0_h25:1,0.56351143,0.3541531,0.43124333,0.35897768,0.18986653,0.23066251,0.14586882,0.16843641,1.669086,1.7387602,1.797521,1.6561939,0.8194775,0.8999701,0.8815998,0.84049666,0.025609165,0.0,0.0,0.0007223948,0.0046192277,0.007725359,0.015705943,0.0007851975,0.068420306,0.018416898,0.0,0.0,0.014397747,0.0,0.0,0.0,-6.833597,-7.342499,-7.1455555,-7.326957,-7.7648606,-7.5613203,-7.950251,-7.9040103,-7.7849264,-7.7736683,-7.7509685,-7.8328547,-8.421034,-8.344756,-8.365379,-8.413125,-7.1621523,0.20488377,-7.7951107,0.1512454,-7.7856045,0.02989638,-8.386073,0.031974155,4.304992,0.0061305836,0.021894941,23.759502,3.8365238e-07,2.4847346e-05,5.215323,0.012344707,0.026618274,6.6213126,0.0053492277,0.014763868,-0.6329584,-0.60046864,0.73047185,0.56222963,-0.5822931,0.1289898
hCer_t18:1_h25:0,0.0,0.0,0.0,0.014855725,0.0,0.0,0.0,0.0,0.0,0.0,0.0,0.0,0.0,0.0,0.0,0.0,0.0,0.0,0.0,0.0,0.0,0.0,0.0,0.0,0.0,0.0,0.0,0.0,0.0,0.0,0.0,0.0,-13.423114,-13.423114,-13.423114,-10.513843,-13.246105,-13.246105,-13.246105,-13.246105,-15.4560175,-15.4560175,-15.4560175,-15.4560175,-15.358004,-15.358004,-15.358004,-15.358004,-12.695796,1.2597514,-13.246105,1.0662403e-06,-15.4560175,1.0662403e-06,-15.358004,0.0,,,,,,,,,,,,,-0.5503092,0.09801388,1.1547006,,,
hCer_t18:0_h25:0,0.32026505,0.20255364,0.27222416,0.23357253,0.1323378,0.13610731,0.10954217,0.13201414,1.3252707,1.3809898,1.4536563,1.4421176,1.1652437,1.033725,1.0134202,0.86207557,0.0,0.0,0.0021289445,0.0,0.003316088,0.00027251372,0.0,0.0,0.0,0.0,0.0,0.0,0.0,0.0,0.0,0.0,-7.443079,-7.901223,-7.597812,-7.758735,-8.125113,-8.119776,-8.33891,-8.15231,-8.05576,-8.014577,-7.963295,-7.9712644,-8.086432,-8.206194,-8.226031,-8.387774,-7.6752124,0.17170735,-8.184027,0.09026884,-8.0012245,0.037042905,-8.226608,0.10728569,4.542993,0.007764109,0.022779863,3.4394176,0.029690174,0.060985222,3.2146041,0.043049946,0.07244991,0.52602327,0.6182722,0.6665747,-0.50881433,-0.22538376,0.04172414,-1.0923247,-0.40881392,-0.2881569
hCer_t18:1_h26:1 ,0.0,0.0,0.0,0.0,0.0,0.0,0.0,0.0,0.05134337,0.042332098,0.10622566,0.07997574,0.0,0.0079767285,0.04221275,0.012941023,0.0,0.0,0.0,0.0,0.0,0.0,0.0,0.0,0.0,0.0,0.0,0.0,0.0,0.0,0.0,0.0,-13.423114,-13.423114,-13.423114,-13.423114,-13.246105,-13.246105,-13.246105,-13.246105,-11.306597,-11.499587,-10.579567,-10.863409,-15.358004,-13.07059,-11.404395,-12.586716,-13.423114,0.0,-13.246105,1.0662403e-06,-11.06229,0.3617629,-13.104926,1.4350859,,,,2.390537,0.0869839,0.12962306,,,,,,,0.17700863,-2.042636,,,0.11694124,-0.53972113
hCer_t18:0_h26:1,1.4380926,0.8496111,1.3689704,1.0107229,0.66820794,0.6795539,0.62061846,0.61286294,6.0227504,5.6463695,6.515961,6.3624053,3.9098392,4.042466,4.7847476,4.0331264,0.0,0.013300625,0.0,0.0,0.013144895,0.02702083,0.015642198,0.030034056,0.0,0.022901937,0.0,0.0,0.06836022,0.0,0.07685039,0.002847406,-5.941155,-6.4519157,-5.9904137,-6.293807,-6.511139,-6.47479,-6.579611,-6.569235,-6.541833,-6.6023164,-6.4631224,-6.4869704,-6.8585334,-6.842508,-6.657995,-6.8441153,-6.169323,0.21179244,-6.533694,0.0428658,-6.523561,0.053684194,-6.800788,0.08267724,2.920626,0.055826742,0.08051934,4.871002,0.0042432854,0.014391392,2.8081713,0.058658198,0.091986716,4.967527,0.005603784,0.014871581,-0.36437082,-0.27722692,-0.18134743,0.23533487,-0.36326128,1.1346704
hCer_t18:1_h26:0,0.15260874,0.08760137,0.14975078,0.10151143,0.051588174,0.05160872,0.03963564,0.053146396,1.0802001,0.9513475,1.4975665,1.5627154,1.5794101,1.0693691,1.1062326,0.7872776,0.0,0.0,0.0,0.0,0.0,0.0,0.0,0.0,0.0,0.0,0.0,0.0,0.0,0.0,0.0,0.0,-8.184351,-8.739431,-8.203256,-8.592056,-9.091927,-9.091529,-9.355491,-9.062169,-8.260231,-8.387253,-7.9335356,-7.890952,-7.782311,-8.172294,-8.138402,-8.478537,-8.429773,0.2417469,-9.150279,0.11909217,-8.117993,0.21113065,-8.142885,0.2467593,4.6308045,0.007897019,0.022779863,0.1327581,0.8988259,0.8988259,-1.6824915,0.14436117,0.1992184,-6.368215,0.002379549,0.008351787,-0.7205057,-0.024891853,-0.13380057,-1.1184113,-0.11740021,0.15040006
hCer_t18:0_h26:0,2.53349,1.882702,2.6293225,2.149782,1.1972044,1.1830062,1.1600795,1.1927586,13.945951,11.741247,13.387064,15.283352,9.438988,9.957422,11.047868,10.111517,0.0,0.0,0.0,0.0,0.04613968,0.034356236,0.014922596,0.054696474,0.0,0.0,0.0,0.0,0.0,0.0,0.0,0.0,-5.374875,-5.671765,-5.3377466,-5.5391064,-5.9096594,-5.9307775,-5.966194,-5.9063587,-5.702188,-5.874269,-5.7430882,-5.610613,-5.994514,-5.9410443,-5.8371253,-5.9256873,-5.4808736,0.13374561,-5.9282475,0.023827434,-5.7325397,0.094849676,-5.924593,0.056593698,5.703832,0.009023091,0.024168992,3.0117218,0.030499352,0.060998704,2.658493,0.041591622,0.071745545,-0.10308165,0.9228229,0.9228229,-0.44737387,-0.19205332,-0.31667426,-0.6975912,-0.29519692,0.44533247
hCer_t18:1_h27:0,0.003891387,0.0030416183,0.005387946,0.0021315608,0.0,0.004157356,0.0,0.0017080397,0.0,0.0,0.0,0.0,0.0,0.0,0.0,0.0,0.0,0.0,0.0,0.0,0.0,0.0,0.0,0.0,0.0,0.0,0.0,0.0,0.0,0.0,0.0,0.0,-11.853462,-12.099838,-11.528064,-12.455374,-13.246105,-11.61034,-13.246105,-12.499873,-15.4560175,-15.4560175,-15.4560175,-15.4560175,-15.358004,-15.358004,-15.358004,-15.358004,-11.984184,0.33931163,-12.650606,0.6734449,-15.4560175,1.0662403e-06,-15.358004,0.0,1.5306762,0.19374815,0.23437276,,,,,,,,,,-0.6664219,0.09801388,-0.05780277,0.5785371,,
hCer_t18:1_h28:0,0.005219283,0.005235781,0.0016197336,0.0072792936,0.0,0.007088389,0.004771185,0.007104689,0.0,0.0,0.0,0.0,0.0,0.0,0.0,0.0,0.0,0.0,0.0,0.0,0.0,0.0,0.0,0.0,0.0,0.0,0.0,0.0,0.0,0.0,0.0,0.0,-11.559868,-11.556712,-12.729966,-11.227194,-13.246105,-11.076761,-11.472625,-11.074465,-15.4560175,-15.4560175,-15.4560175,-15.4560175,-15.358004,-15.358004,-15.358004,-15.358004,-11.768435,0.5713604,-11.717489,0.89730686,-15.4560175,1.0662403e-06,-15.358004,0.0,-0.082949884,0.93705547,0.94971836,,,,,,,,,,0.050945282,0.09801388,-0.9541254,-1.0478792,,
hCer_t18:0_h28:0,0.0,0.0,0.0,0.0,0.0,0.027953891,0.019972395,0.0,2.1757586,1.8966312,2.1337059,2.2537189,2.0447085,2.0541742,2.0631235,1.6770723,0.0,0.0,0.0,0.0,0.0,0.0,0.0,0.0,0.0,0.0,0.0,0.0,0.041038394,0.0,0.0,0.0,-13.423114,-13.423114,-13.423114,-13.423114,-13.246105,-9.704663,-10.040869,-13.246105,-7.56,-7.697298,-7.579517,-7.5247955,-7.5042357,-7.519489,-7.5151415,-7.722313,-13.423114,0.0,-11.559436,1.6908529,-7.5904026,0.06475675,-7.5652947,0.09082462,,,,-0.3898663,0.71147966,0.76158386,,,,-4.085569,0.026205704,0.04520484,1.863678,0.02510786,,0.014789943,-0.83747095,-1.1416287
GlcCer_t18:1_h16:0,0.12124354,0.10276801,0.09032007,0.09904781,0.13037167,0.097036876,0.13202938,0.10938853,1.1422495,1.170627,1.1243005,0.4067503,0.9851301,0.9578654,1.1274198,0.9855565,0.0,0.0,0.0,0.0,0.0,0.0,0.0,0.0,0.0,0.0,0.0,0.0,0.0,0.0,0.0,0.0,-8.414427,-8.579754,-8.708868,-8.616625,-8.16483,-8.460128,-8.152195,-8.340313,-8.204377,-8.179837,-8.220216,-9.236933,-8.254344,-8.282411,-8.119431,-8.253911,-8.579918,0.106492795,-8.2793665,0.12814082,-8.4603405,0.44859633,-8.227524,0.06346717,-3.1243775,0.021383433,0.042960394,-0.89005214,0.43670428,0.5247547,-0.44920978,0.6808735,0.71182233,-0.6279443,0.5612493,0.63857234,0.3005514,0.2328167,0.48412022,-0.30576935,-1.1511312,1.0365335
GlcCER_t18:0_h16:0,3.315364,3.0632133,2.998181,3.147786,2.7193422,2.5167043,2.5133727,2.4339545,15.9895935,15.675638,16.49441,14.078127,12.755155,11.604989,12.970874,12.879343,0.0,0.0,0.0,0.0,0.0,0.0,0.0,0.0,0.0,0.0,0.0,0.0,0.0,0.0,0.0,0.0,-5.1059055,-5.185008,-5.2064667,-5.1577735,-5.1270742,-5.2045135,-5.2058387,-5.2379465,-5.565439,-5.5852695,-5.5343556,-5.6927547,-5.693427,-5.7879276,-5.6766562,-5.6837378,-5.1637883,0.037610885,-5.193843,0.040807303,-5.594455,0.059584107,-5.710437,0.04513348,0.938013,0.38467267,0.44385308,2.687513,0.03879718,0.06957824,10.586413,0.00012065297,0.0010406319,14.705374,6.7541605e-06,0.0001553457,-0.03005457,-0.115982056,0.50211954,0.7686461,-0.83623433,-1.0953467
GlcCer_t18:1_h22:0,0.24529034,0.23451628,0.32578307,0.26011232,0.24466689,0.25096038,0.31322694,0.24983169,1.8852307,1.0982076,0.67136395,1.3853561,0.6516452,0.52467877,1.1354191,0.9349792,0.0,0.0,0.0,0.0,0.0,0.0,0.0,0.0,0.0,0.0,0.0,0.0,0.0,0.0,0.0,0.0,-7.7097855,-7.754703,-7.4259963,-7.6511145,-7.5353217,-7.5099244,-7.2882915,-7.514432,-7.7033267,-8.243698,-8.735821,-8.01142,-8.667618,-8.884332,-8.112361,-8.306594,-7.6354,0.12635592,-7.4619923,0.10074298,-8.173567,0.37698314,-8.492726,0.3013573,-1.8585913,0.11486959,0.15236796,1.1453899,0.2976797,0.38345182,2.344425,0.08495798,0.12472554,5.6185083,0.006392874,0.016130669,0.17340755,-0.3191595,0.87598485,1.1228509,-0.3259175,-0.03585306
GlcCER_t18:0_h22:0,0.0,0.0,0.0,0.0,0.0,0.0,0.0,0.0,7.513628,6.337527,5.5421615,5.9822702,5.345039,4.5782604,6.2577767,5.9389343,0.0,0.0,0.0,0.0,0.0,0.0,0.0,0.0,0.0,0.0,0.0,0.0,0.0,0.0,0.0,0.0,-13.423114,-13.423114,-13.423114,-13.423114,-13.246105,-13.246105,-13.246105,-13.246105,-6.3206587,-6.4908886,-6.6249924,-6.548577,-6.563194,-6.7180433,-6.4055376,-6.457833,-13.423114,0.0,-13.246105,1.0662403e-06,-6.496279,0.111997485,-6.536152,0.11938355,,,,0.4218975,0.68785644,0.74681556,,,,,,,0.17700863,-0.039873123,,,0.55900586,-0.48910654
GlcCer_t18:1_h24:1,2.795184,2.7888608,3.020939,2.824464,2.6399374,2.8359544,3.256042,2.800239,21.907616,19.73057,18.978449,18.658918,14.110651,12.62809,16.167252,14.683945,0.0,0.0,0.0,0.0,0.0,0.0,0.0,0.0,0.0,0.0,0.0,0.0,0.0,0.0,0.0,0.0,-5.2765746,-5.2788396,-5.198905,-5.2661543,-5.1567087,-5.0850854,-4.946952,-5.0977592,-5.2505426,-5.355208,-5.394073,-5.4110527,-5.5924325,-5.7034388,-5.456375,-5.552608,-5.2551184,0.032805495,-5.0716267,0.0768876,-5.3527193,0.062368218,-5.576214,0.088554755,-3.8019257,0.018580783,0.039815962,3.5739322,0.014071807,0.035648577,2.3988962,0.06681569,0.10245072,7.4522586,0.00032964157,0.001895439,0.1834917,-0.22349453,1.0838418,0.71596617,0.82182765,-0.11856869
GlcCER_t18:0_h24:1,11.062702,11.149757,11.153185,10.886997,10.993393,11.349559,12.780638,11.460327,71.295944,64.57035,66.739586,64.044334,65.34096,55.475853,65.806854,61.0766,0.0,0.0,0.0,0.0,0.0,0.0,0.0,0.0,0.0,0.0,0.0,0.0,0.0,0.0,0.0,0.0,-3.9008934,-3.893055,-3.8927476,-3.9169035,-3.7301695,-3.698285,-3.5795326,-3.688573,-4.0705376,-4.169622,-4.136579,-4.1778016,-4.0597434,-4.223415,-4.0526385,-4.127234,-3.9009,0.009799457,-3.67414,0.056747593,-4.138635,0.04223654,-4.1157575,0.06863565,-6.8202257,0.005347038,0.020051394,-0.49168926,0.6438137,0.70912814,9.496871,0.0016080226,0.005839661,8.588929,0.00016496066,0.0011382286,0.22675991,0.022877693,-0.81670165,0.89443696,0.7497388,-0.63561565
GlcCer_t18:1_h24:0,0.63838893,0.64365476,0.61310726,0.68842536,0.5787417,0.6593684,0.8136149,0.7357098,0.0,0.0,0.0,0.0,0.0,0.0,0.0,0.0,0.0008533822,0.0,0.0,0.0,0.01355481,0.0,0.0,0.0,0.0,0.0,0.0,0.0,0.0,0.0,0.0,0.0,-6.7519445,-6.745065,-6.793688,-6.677821,-6.6512117,-6.5439367,-6.333732,-6.4343834,-15.4560175,-15.4560175,-15.4560175,-15.4560175,-15.358004,-15.358004,-15.358004,-15.358004,-6.7421293,0.041529436,-6.490816,0.11875246,-15.4560175,1.0662403e-06,-15.358004,0.0,-3.4600215,0.028947562,0.049342435,,,,,,,,,,0.2513132,0.09801388,0.446493,-0.032921422,,
GlcCer_t18:0_h24:0,1.6608809,1.7484684,1.6957642,1.7949516,1.739594,1.810537,1.9441572,1.8296558,6.264668,6.4902606,6.2704587,5.7575674,5.673748,5.1937284,6.3894005,5.513146,0.0,0.0,0.0,0.0,0.0,0.0,0.0,0.0,0.0,0.0,0.0,0.0,0.0,0.0,0.0,0.0,-5.7971244,-5.7457323,-5.776339,-5.719495,-5.5738125,-5.5338407,-5.4626355,-5.5233364,-6.5024514,-6.4670744,-6.501528,-6.586862,-6.503513,-6.591911,-6.384722,-6.532227,-5.759672,0.029533848,-5.523406,0.039820697,-6.514479,0.044155702,-6.5030932,0.07541422,-8.254234,0.00025859164,0.0027706246,-0.22566615,0.830678,0.8630635,24.610476,1.2921818e-06,4.4580273e-05,19.897179,1.3347317e-05,0.00023024122,0.23626614,0.011385918,0.1009375,0.37699798,-0.7805472,0.5439492
GlcCer_t18:1_h26:1,0.18343888,0.12154896,0.20265996,0.18024237,0.17256783,0.16792107,0.18618448,0.18111752,1.1356871,1.1297671,0.7558731,0.8661599,0.4903851,0.4868105,0.93710715,0.66628134,0.0,0.0,0.0,0.0,0.0,0.0,0.0,0.0,0.0,0.0,0.0,0.0,0.0,0.0,0.0,0.0,-8.000346,-8.411911,-7.9006987,-8.017925,-7.884429,-7.9117255,-7.808481,-7.8360734,-8.210139,-8.215365,-8.617259,-8.481063,-8.951927,-8.959243,-8.30432,-8.645406,-8.082721,0.19524491,-7.860177,0.04030771,-8.380957,0.17497079,-8.715224,0.2689284,-1.9334508,0.14141941,0.18286993,1.8045487,0.12924044,0.18189394,1.9702915,0.09688322,0.13926964,5.446153,0.010834328,0.023361519,0.22254372,-0.33426762,-0.9677525,0.0035039869,-0.21810283,0.53890693
GlcCer_t18:1_h26:0,0.20856787,0.21923175,0.2016727,0.18738362,0.20072475,0.26780882,0.29914284,0.23505987,0.9046862,0.6354024,1.149257,0.7409711,0.70847607,0.37320107,0.6784186,0.88087606,0.0,0.0,0.0,0.0,0.0,0.0,0.0,0.0,0.0,0.0,0.0,0.0,0.0,0.0,0.0,0.0,-7.8719635,-7.8220987,-7.905582,-7.97907,-7.733285,-7.444946,-7.334298,-7.575379,-8.437544,-8.790874,-8.198261,-8.637171,-8.584002,-9.225,-8.627354,-8.366201,-7.8946786,0.057062764,-7.5219765,0.14887913,-8.515963,0.22212107,-8.70064,0.31850368,-4.0487866,0.01660923,0.036638007,0.82375574,0.4451744,0.5247547,4.6922703,0.013819777,0.02804602,5.806632,0.0036176748,0.010853024,0.37270212,-0.18467712,-0.28022447,-0.19089825,0.22793573,-0.81079036
GlcCER_t18:0_h26:0,0.43856075,0.43055224,0.45063388,0.4227581,0.42283243,0.4427184,0.56267995,0.53150845,2.0854754,2.4030483,1.853284,2.0157409,1.8706311,1.4533452,1.5374697,1.4126449,0.0,0.0,0.0,0.0,0.0,0.0,0.0,0.0,0.0,0.0,0.0,0.0,0.0,0.0,0.0,0.0,-7.12873,-7.1471596,-7.101573,-7.1654277,-6.9882436,-6.9422855,-6.7025084,-6.7595,-7.6023803,-7.460639,-7.720418,-7.63639,-7.6130867,-7.8654947,-7.8092246,-7.893899,-7.1357226,0.02360239,-6.8481345,0.11995623,-7.6049566,0.093746476,-7.7954264,0.10959536,-4.074373,0.023133583,0.043810792,2.2874925,0.06319728,0.100062355,8.407161,0.0022233871,0.007305415,10.0980425,5.7625875e-05,0.00057365437,0.28758812,-0.19046974,0.23690957,0.028907856,0.43558803,0.9041707
GIPC_d18:0_16:0,0.91219825,1.0156207,0.886851,0.7544346,0.3764863,0.4525156,0.37408105,0.44559413,2.1008034,2.609526,2.5104196,2.5541537,1.0186193,1.4477637,1.0517272,1.2843356,1.1488647,1.1763215,1.0672045,1.0576653,0.4120746,0.4643641,0.36497575,0.40976632,2.902932,4.053333,3.2862566,3.6526191,1.2881155,2.1340687,1.533176,1.8397174,-5.5812507,-5.519685,-5.634566,-5.709986,-6.36501,-6.214243,-6.4298444,-6.283696,-6.7271924,-6.4408283,-6.5800924,-6.511736,-7.4035296,-6.963488,-7.2896748,-7.1002316,-5.6113715,0.06995812,-6.3231983,0.08147588,-6.564962,0.105818026,-7.189231,0.16947979,11.480849,3.0671577e-05,0.0007667894,5.411685,0.0028608702,0.010871307,13.020359,3.6164667e-05,0.00041589368,7.9767904,0.000967562,0.0047302423,-0.7118268,-0.624269,-0.12661469,0.031920403,-0.46619895,0.06953252
GIPC_t18:1_16:0,0.00990473,0.010175387,0.00887207,0.009027,0.011669283,0.011215835,0.010354379,0.011516661,0.14498661,0.109365165,0.15335514,0.11038187,0.09890503,0.10061902,0.07827627,0.113709755,2.73566,3.0272987,2.8444054,2.4815943,0.6852064,0.8762325,0.6333419,0.8647571,10.0107765,11.908078,12.976742,11.600153,2.930739,4.64034,3.6118038,4.209692,-5.294486,-5.193446,-5.2560043,-5.3919406,-6.488612,-6.246869,-6.567992,-6.2595406,-6.0193357,-5.851018,-5.76247,-5.8768883,-7.1309175,-6.683123,-6.9337144,-6.77532,-5.2839694,0.07201542,-6.3907537,0.14045413,-5.877428,0.09226455,-6.880769,0.16997123,12.145225,0.00013523821,0.0019456936,8.985785,0.0004222936,0.0032094314,8.782278,0.00016516451,0.001187277,3.8492253,0.009054876,0.020154402,-1.1067843,-1.0033407,-0.3321451,-0.11430821,-0.42017585,-0.35169533
GIPC_d18:0_h16:0,2.7282743,3.0274053,2.8617747,2.4964974,0.68664014,0.87734705,0.6468042,0.8702288,10.134561,12.056839,13.144548,11.624258,2.9523447,4.6623187,3.6289022,4.2345314,2.475282,2.6645737,2.4509122,2.141235,0.3066728,0.33811763,0.303423,0.33210117,11.810798,13.578773,14.281449,12.826286,1.7882712,3.1411939,2.2650955,2.7440794,-4.6551304,-4.565415,-4.634375,-4.770247,-6.1341734,-5.9323378,-6.1785183,-5.943203,-5.2488213,-5.0933948,-5.0258856,-5.1407247,-6.6831956,-6.1847887,-6.4654284,-6.2965126,-4.6562915,0.07369885,-6.047058,0.11047342,-5.127207,0.08121277,-6.407481,0.18793768,18.139114,6.364837e-06,0.0004773628,10.83112,0.00036956376,0.0031207607,7.437452,0.00031777582,0.001827211,2.8636005,0.03650254,0.061431102,-1.3907666,-1.2802744,-0.4488994,-0.05618619,-0.3371382,-0.3293027
GIPC_t18:0_16:0,1.2583594,1.5339308,1.2855587,1.5377642,1.6328251,1.8856269,1.9765528,1.9980643,6.315708,7.2630596,7.183671,7.585472,7.401232,8.184809,8.163162,7.729455,0.2292606,0.27376744,0.20605049,0.24971995,0.30931738,0.37145963,0.31179908,0.27803496,2.040147,1.8200551,2.089985,1.878053,1.9707339,2.275579,2.3373585,1.8693992,-5.907295,-5.7124186,-5.9046173,-5.7236633,-5.463672,-5.3133893,-5.299632,-5.305001,-6.2144146,-6.13096,-6.1101995,-6.0899324,-6.00164,-5.891767,-5.8879375,-5.977719,-5.8119984,0.0940465,-5.3454237,0.06844667,-6.1363764,0.04733279,-5.939766,0.050643064,-6.947649,0.00064894045,0.0052534086,-4.912646,0.0027108775,0.010871307,5.3363156,0.004438891,0.011860803,12.090331,3.480251e-05,0.00048027464,0.46657467,0.19661045,0.0050445707,-1.1370666,-0.841566,-0.080340646
GIPC_t18:1_h16:0,0.0741593,0.10058988,0.07220229,0.10287763,0.09269145,0.12856488,0.1107449,0.11594854,1.9911385,1.8556741,1.8352607,1.7083296,1.1325704,1.2609552,1.3464425,1.2853231,0.0,0.0,0.0,0.0,0.0,0.0,0.0,0.0,0.0,0.0,0.0,0.0,0.0,0.0,0.0,0.0,-8.906013,-8.601176,-8.932756,-8.578688,-8.505943,-8.178785,-8.32799,-8.282073,-7.6486707,-7.719129,-7.7301908,-7.8018613,-8.114873,-8.007493,-7.9418964,-7.9883523,-8.754658,0.16518886,-8.323698,0.11828365,-7.7249627,0.054302923,-8.013154,0.06338681,-3.673973,0.0123991985,0.02999806,5.980371,0.0010678065,0.005796664,-10.256658,0.0008135634,0.0033021104,-4.0081143,0.012166061,0.024689948,0.4309597,-0.28819132,-0.0028796697,-0.4438018,-0.01658006,-0.6627899
GIPC_t18:0_h16:0,4.45324,5.171347,4.4404974,4.536934,5.1235027,6.123258,5.6904173,5.752485,49.35176,50.19247,47.420795,49.32469,42.16037,46.049217,43.811596,41.641376,0.4722688,0.6071201,0.5257232,0.53128153,0.18149859,0.23960693,0.23214288,0.12779583,11.93148,12.074939,11.393386,10.677507,3.0844903,3.922282,3.0484908,2.8830767,-4.7100453,-4.550334,-4.7018137,-4.6814837,-4.458814,-4.276985,-4.3486953,-4.3558598,-4.221871,-4.205939,-4.262994,-4.2429957,-4.4272738,-4.32791,-4.392196,-4.443324,-4.660919,0.064687185,-4.360089,0.06480857,-4.23345,0.021534268,-4.3976765,0.04432016,-5.690384,0.0012712935,0.007945584,5.7727065,0.0034626683,0.012531562,-10.859882,0.0006498278,0.002818638,0.8292001,0.44270757,0.5510878,0.30083036,-0.16422653,1.06834,-0.35520762,-0.10720963,0.6280379
GIPC_t18:0_h20:0,0.0,0.0,0.0,0.0,0.0,0.0,0.0,0.0,1.6081505,1.696461,1.110417,1.4650154,1.1793635,1.1402617,1.827827,1.3761083,0.0,0.0,0.0,0.0,0.0,0.0,0.0,0.0,0.0,0.0,0.0,0.0,0.0,0.0,0.0,0.0,-13.423114,-13.423114,-13.423114,-13.423114,-13.246105,-13.246105,-13.246105,-13.246105,-7.8622923,-7.8088326,-8.232641,-7.955511,-8.074388,-8.108105,-7.6362348,-7.920103,-13.423114,0.0,-13.246105,1.0662403e-06,-7.9648194,0.16329333,-7.934707,0.1863306,,,,-0.21051215,0.84035134,0.8630635,,,,,,,0.17700863,0.030112267,,,-0.8231451,0.72087485
GIPC_d18:0_h22:0,0.12774792,0.1334613,0.13276847,0.09731034,0.07386905,0.07765541,0.092261985,0.086190894,1.5461195,1.5975919,1.2342371,1.667452,0.8498742,0.99842966,0.92990404,1.1609671,0.030245142,0.055517696,0.11202187,0.051398683,0.031302735,0.025905,0.028657522,0.017113833,0.0,0.0,0.0,0.0,0.0,0.0,0.0,0.0,-8.149677,-7.970592,-7.711826,-8.210237,-8.379624,-8.395064,-8.240094,-8.397536,-7.901629,-7.86888,-8.1269245,-7.8260803,-8.40203,-8.240934,-8.3120365,-8.090109,-8.010583,0.19369039,-8.35308,0.065592386,-7.9308786,0.11631431,-8.261277,0.114127435,2.9009078,0.048769034,0.073153555,3.5118265,0.012650805,0.033153832,-0.6110345,0.56832814,0.61020654,-1.2079487,0.28333727,0.37596676,-0.34249687,-0.33039856,0.5532303,1.117792,-0.97236377,0.35386825
GIPC_t18:0_22:0,0.45763698,0.5196001,0.6173838,0.51306534,0.24425182,0.2455256,0.27247307,0.32246256,2.829258,3.335564,3.8286476,3.322084,1.0283035,1.5709358,1.3982574,1.6816472,0.25152552,0.25181407,0.31227502,0.303253,0.09701508,0.09120465,0.1061801,0.15160698,2.5406876,3.017783,2.9825578,2.8681176,1.0845215,1.6676278,1.3904232,1.9168477,-6.6481433,-6.5640025,-6.3774104,-6.5074234,-7.2025547,-7.215937,-7.0985985,-6.873865,-6.6565595,-6.488395,-6.418808,-6.5144095,-7.491337,-7.064233,-7.2137938,-6.958847,-6.524245,0.098456606,-7.0977387,0.13700126,-6.519543,0.086483516,-7.1820526,0.2002289,5.8877416,0.001497944,0.008641984,5.26116,0.0059075747,0.01870732,-0.062141716,0.9525009,0.96650827,0.60192996,0.57202816,0.63857234,-0.57349396,-0.66250944,0.3158414,0.8183722,-0.5873503,-0.525111
GIPC_t18:1_h22:0,0.0,0.0,0.0,0.0,0.0,0.0,0.0,0.0,1.3218516,1.079136,0.97505164,1.0835109,0.641894,0.7153347,0.96326846,0.7699369,0.0,0.0,0.0,0.0,0.0,0.0,0.0,0.0,0.0,0.0,0.0,0.0,0.0,0.0,0.0,0.0,-13.423114,-13.423114,-13.423114,-13.423114,-13.246105,-13.246105,-13.246105,-13.246105,-8.058344,-8.261216,-8.362642,-8.257171,-8.682694,-8.574368,-8.276786,-8.50081,-13.423114,0.0,-13.246105,1.0662403e-06,-8.234843,0.11031621,-8.508664,0.1486882,,,,2.5616539,0.04603257,0.077743895,,,,,,,0.17700863,-0.27382088,,,0.62970585,0.5257926
GIPC_t18:0_h22:0,2.7024763,3.0899057,3.261294,3.1688023,3.2350662,3.2720373,3.5729628,3.4846637,46.556377,42.564392,38.993206,42.156284,30.175089,33.916054,40.363064,36.996483,0.025081255,0.021165093,0.0,0.0,0.0,0.0,0.0,0.0,5.585565,5.020734,5.11331,5.3179617,2.9194705,3.497539,3.8335702,3.96537,-5.3010664,-5.1695056,-5.122349,-5.151119,-4.953415,-4.9420514,-4.8540688,-4.8790927,-4.3834076,-4.474857,-4.55077,-4.4771895,-4.7399936,-4.6173286,-4.450714,-4.5267215,-5.18601,0.068520956,-4.907157,0.04172344,-4.471556,0.059345603,-4.5836897,0.10780812,-6.0204496,0.0018751147,0.00960003,1.5782242,0.17949192,0.24359618,-13.651409,1.1253312e-05,0.00017820625,-4.8465405,0.009030722,0.020154402,0.27885294,-0.1121335,-0.9466062,0.10413065,0.22447063,-0.26346284
GIPC_t18:1_24:1,0.0,0.0,0.0,0.0,0.0,0.0,0.0,0.0,0.0,0.0,0.0,0.0,0.0,0.0,0.0,0.0,0.0,0.0,0.0,0.0,0.0,0.0,0.0,0.0,0.62758255,0.45865154,0.69662184,0.5808667,0.23540758,0.45627162,0.37787852,0.45999312,-13.423114,-13.423114,-13.423114,-13.423114,-13.246105,-13.246105,-13.246105,-13.246105,-8.803257,-9.116841,-8.69889,-8.880611,-9.6858,-9.02403,-9.212545,-9.015906,-13.423114,0.0,-13.246105,1.0662403e-06,-8.8749,0.15385103,-9.2345705,0.27213702,,,,1.992758,0.106014065,0.15494363,,,,,,,0.17700863,-0.35967064,,,-0.57267267,-0.8940509
GIPC_d18:1_h24:0,0.06474938,0.0792159,0.075564295,0.06739346,0.05225863,0.04130818,0.056920394,0.089592844,0.6339183,0.49800992,0.69773763,0.6377065,0.26266265,0.4596875,0.35168216,0.48850882,0.0,0.0,0.0,0.0,0.0,0.0,0.0,0.0,0.0,0.0,0.0,0.0,0.0,0.0,0.0,0.0,-9.041704,-8.840051,-8.887244,-9.00168,-9.079014,-9.314158,-8.993566,-8.539944,-8.793212,-9.0345125,-8.697289,-8.787254,-9.576247,-9.016571,-9.28439,-8.95576,-8.942671,0.08199501,-8.98167,0.28075257,-8.828067,0.12510303,-9.208242,0.24582075,0.23095243,0.8301827,0.87695354,2.3873363,0.06880928,0.1045901,-1.3270555,0.24001774,0.28553835,1.051646,0.33413416,0.4322003,-0.038999557,-0.3801756,0.03364922,0.54803276,-0.8237801,-0.45681426
GIPC_t18:1_24:0,0.17208183,0.20018701,0.19052987,0.21725091,0.19920018,0.21308775,0.28044334,0.27901196,2.1751795,2.2677937,2.39135,2.546121,2.210583,2.4081492,2.4656582,2.3261147,0.0,0.0,0.008243583,0.0022018633,0.019949136,0.015659526,0.0,0.0,0.036387194,0.0,0.0,0.19757573,0.06470151,0.0,0.0,0.0009725564,-8.064258,-7.912976,-7.920062,-7.8210907,-7.645466,-7.6026015,-7.3988476,-7.4039645,-7.543676,-7.5185695,-7.465519,-7.328071,-7.4172573,-7.360504,-7.3369036,-7.3947453,-7.929597,0.08699753,-7.51272,0.11235528,-7.4639587,0.08337421,-7.3773527,0.030882388,-5.08131,0.002702799,0.0112616625,-1.6871679,0.17043784,0.2355141,-6.693117,0.00054359843,0.002818638,-2.0121758,0.12565738,0.18447573,0.4168768,0.086606026,-0.44001445,-0.05329749,0.7936103,0.018322065
GIPC_t18:0_24:0,2.1715477,2.491213,2.6310992,2.5937126,1.438523,1.4635346,1.585214,1.844913,19.669525,17.58264,19.026058,18.78054,11.322007,13.375726,14.554991,15.457254,1.0213015,1.0475085,1.1674933,1.1962782,0.55762744,0.5811137,0.63426787,0.78340405,12.276621,12.161888,12.391574,11.867444,6.1598463,7.765639,7.033369,10.169038,-5.143559,-5.040707,-4.969842,-4.9721093,-5.4362435,-5.412238,-5.33019,-5.1611204,-4.8733253,-4.9447317,-4.890008,-4.91481,-5.378199,-5.1881313,-5.167208,-4.9957438,-5.031554,0.070659295,-5.3349485,0.107788235,-4.905719,0.026929662,-5.1823206,0.13550043,4.077272,0.0088971825,0.024168992,3.4678717,0.035889298,0.0665265,-2.8823295,0.04695622,0.07714236,-1.5268224,0.18012255,0.25593147,-0.30339432,-0.2766018,-0.6808633,0.74890774,-0.28495038,-0.10223497
GIPC_t18:0_h23:0,0.38510922,0.4702844,0.46469218,0.5060618,0.41717425,0.45647794,0.4737345,0.46950686,7.392251,7.3713226,7.1358166,7.2752233,4.3784404,4.9064374,5.289835,5.0735292,0.027569456,0.047082987,0.05046192,0.05613969,0.013692625,0.025400361,0.006336902,0.0,1.5473793,1.4840996,1.2168143,1.0439038,0.13975707,0.08302296,0.17841549,0.2432635,-7.189559,-6.9634748,-6.967762,-6.8803678,-6.96942,-6.8575277,-6.8612847,-6.8835363,-6.146883,-6.1563473,-6.2148004,-6.2188196,-6.7312493,-6.632035,-6.540404,-6.5684924,-7.000291,0.114692554,-6.8929424,0.04525952,-6.1842127,0.03279951,-6.6180453,0.073305085,-1.5079763,0.20760815,0.24715255,9.35668,0.0006050661,0.003832085,-11.849147,0.00061136927,0.002818638,-5.526734,0.0026628887,0.008351787,0.10734844,-0.43383265,-0.8237237,-0.9986057,0.025444897,-0.5481823
GIPC_t18:1_h24:1,0.15460026,0.168205,0.1860385,0.19454484,0.18556415,0.21832705,0.2400473,0.22452971,4.400096,4.33996,4.3414364,4.38041,3.1254358,3.4998,3.694899,3.7250502,0.0,0.0,0.0,0.0,0.0,0.0,0.0,0.0,0.0,0.0,0.0,0.0,0.0,0.0,0.0,0.0,-8.171385,-8.087045,-7.9862742,-7.9415655,-7.8118186,-7.649225,-7.5543833,-7.621211,-6.8557506,-6.869512,-6.8691716,-6.8602347,-7.0997887,-6.9866567,-6.9324093,-6.924282,-8.046568,0.0892727,-7.6591597,0.09463302,-6.8636675,0.005893137,-6.985784,0.07005207,-5.1578045,0.002120666,0.00960003,3.0087278,0.056251146,0.09293667,-22.900553,0.00017206914,0.001187277,-9.905903,0.00010021189,0.00086432754,0.38740826,-0.122116566,-0.22277102,-0.693766,0.20798653,-0.7978072
GIPC_t18:0_h24:1,5.985338,7.09585,6.556571,6.6653004,7.221831,7.379739,8.093332,7.6883287,97.78341,97.66676,93.856766,100.60027,87.89273,98.60826,100.14796,97.77913,0.2811544,0.33287132,0.33613178,0.3267237,0.17685938,0.22008699,0.20238455,0.15445003,0.0,0.0,0.0,0.0,0.0,0.0,0.0,0.0,-4.469256,-4.299119,-4.3740096,-4.3597026,-4.126161,-4.0993385,-4.0117245,-4.0678706,-3.7546222,-3.7558157,-3.795607,-3.726222,-3.7632456,-3.6482077,-3.6327138,-3.6566515,-4.375522,0.060983624,-4.076274,0.042596813,-3.758067,0.02469967,-3.6752045,0.051550306,-6.967751,0.00070045446,0.0052534086,-2.510786,0.061587743,0.09958869,-16.254309,9.0043075e-05,0.00088756747,-10.388025,5.819682e-05,0.00057365437,0.29924822,0.08286238,-0.41180438,0.43058318,-0.34107566,-1.0578189
GIPC_t18:1_h24:0,1.3562691,0.0,0.0,2.0260675,0.0,2.0481665,0.0,0.0,14.026763,14.161092,14.140658,13.717844,9.5391035,10.7642145,11.774431,11.388045,0.0,0.0,0.0,0.0,0.0,0.0,0.0,0.0,0.0,0.0,0.0,0.0,0.0,0.0,0.0,0.0,-5.999735,-13.423114,-13.423114,-5.598376,-13.246105,-5.410519,-13.246105,-13.246105,-5.69641,-5.6868787,-5.688323,-5.7186794,-5.983963,-5.8631353,-5.7734323,-5.8067985,-9.611085,3.8146694,-11.287209,3.3929083,-5.697573,0.012715778,-5.8568325,0.0800951,0.56865656,0.5904939,0.6326721,3.4013736,0.039366636,0.06957824,-1.7769203,0.17365208,0.22607535,-2.7713888,0.0694005,0.106414095,-1.6761236,-0.15925932,0.0041487375,1.1547004,-0.89809704,-0.6566399
GIPC_t18:0_h24:0,14.217634,17.121588,16.531792,17.358263,15.79959,16.602219,17.673075,16.664452,157.79807,154.1091,148.4884,152.20738,116.26492,118.890785,136.80809,128.60342,0.0,0.0,0.28305477,0.0,0.0,0.0,0.0,0.0,31.457134,29.677902,29.919842,29.148771,17.504602,16.905468,18.98587,17.6011,-3.6499896,-3.4641325,-3.4822104,-3.450404,-3.36748,-3.3179276,-3.2554219,-3.3141863,-3.0942807,-3.1235995,-3.1533027,-3.1369143,-3.343244,-3.328207,-3.190828,-3.2543561,-3.5116842,0.08064354,-3.3137538,0.03970746,-3.1270244,0.021634666,-3.2791588,0.06109447,-3.8138673,0.015996525,0.036355738,4.065676,0.017470777,0.040235728,-7.979509,0.0024864043,0.007459213,-0.82235414,0.44725966,0.5510878,0.19793034,-0.15213442,-1.0879427,0.17301735,0.39581656,0.35438672
GIPC_t18:1_26:0,0.0,0.0,0.0,0.0,0.0,0.0,0.0,0.0,0.3905971,0.3521038,0.47579378,0.36972642,0.41065195,0.42121,0.5134177,0.28273502,0.0,0.0,0.0,0.0,0.0,0.0,0.0,0.0,0.0,0.0,0.0,0.0,0.0,0.0,0.0,0.0,-13.423114,-13.423114,-13.423114,-13.423114,-13.246105,-13.246105,-13.246105,-13.246105,-9.277455,-9.3812065,-9.080148,-9.332369,-9.129372,-9.103987,-8.906028,-9.502607,-13.423114,0.0,-13.246105,1.0662403e-06,-9.267794,0.114386156,-9.160498,0.21561323,,,,-0.76140976,0.48386458,0.55717736,,,,,,,0.17700863,0.10729599,,,0.8148613,-0.5824069
GIPC_t18:0_h25:1,0.38108018,0.5407536,0.5150555,0.496063,0.45981383,0.529939,0.54985493,0.5296287,6.837984,7.343014,6.4765997,7.307247,4.981539,5.2190876,5.1085978,5.3471327,0.029640254,0.0,0.015099898,0.012572118,0.0,0.0,0.0,0.0,1.1910541,1.1023806,1.2545063,0.8574607,0.2305788,0.2200729,0.14682513,0.07691791,-7.194315,-6.9192643,-6.939058,-6.980497,-6.9043975,-6.7624574,-6.725565,-6.7630434,-6.2543125,-6.203756,-6.292125,-6.237556,-6.5883765,-6.5457377,-6.580102,-6.5485196,-7.0082836,0.109654464,-6.788866,0.06840828,-6.2469378,0.03181583,-6.565684,0.018810222,-2.9405224,0.03202018,0.05336697,14.937185,2.969446e-05,0.0003761298,-11.549539,0.00065359724,0.002818638,-5.448594,0.008350594,0.019868655,0.21941757,-0.3187461,-1.0200033,-0.9783317,-0.08790223,-0.063510664
GIPC_t18:0_26:0,0.87300324,1.0221797,1.0432215,0.88138,0.75336474,0.78777367,0.87840134,1.1336055,7.670085,6.7660575,7.7074194,7.87103,5.827321,8.330064,9.148498,9.422864,0.31009674,0.38203222,0.40820274,0.39497164,0.4356194,0.39546245,0.45872566,0.56548214,3.2234237,3.4387748,3.6535912,3.67258,3.3348598,4.307647,4.518978,4.8527246,-6.1363344,-5.9649963,-5.9319277,-6.060467,-5.954365,-5.959211,-5.836941,-5.5973725,-5.94921,-6.014516,-5.90719,-5.891245,-6.024278,-5.7026772,-5.6243434,-5.5808115,-6.0234313,0.08047716,-5.836972,0.14674069,-5.9405403,0.04767033,-5.7330275,0.17373113,-1.9297106,0.11579965,0.15236796,-1.9951016,0.12797059,0.18189394,-1.5349275,0.18687336,0.23444113,-0.7916872,0.4594975,0.5562338,0.18645906,0.20751286,-0.25147972,0.81578124,-0.5736933,-0.94721204
GIPC_t18:0_h25:0,0.56830466,0.736147,0.6046897,0.66451406,0.62323433,0.665781,0.647886,0.5880557,10.947737,11.7766285,9.928381,11.084881,7.5597486,7.648062,8.083061,8.143988,0.02792601,0.016005518,0.025459828,0.022640578,0.0,0.013125013,0.008650994,0.0,2.015272,1.4696013,1.1238272,1.6366351,0.5197226,0.29253975,0.37554282,0.29328498,-6.8216004,-6.5892887,-6.7662706,-6.6796684,-6.6002965,-6.5147367,-6.54824,-6.6583977,-5.775277,-5.753664,-5.9347467,-5.7940826,-6.150036,-6.1673737,-6.1041784,-6.1067033,-6.7142067,0.08809294,-6.5804176,0.05437241,-5.8144426,0.070914716,-6.132073,0.02734287,-2.2384644,0.07540198,0.10670091,7.2385077,0.0021866881,0.009775782,-13.780549,1.2913496e-05,0.00017820625,-12.759618,0.00011693022,0.00089646503,0.13378906,-0.3176303,0.22334316,-0.25720963,-1.015173,-0.1437279
GIPC_t18:1_h26:1,0.061285496,0.084905446,0.06286971,0.0735083,0.08049544,0.078044295,0.074748494,0.08682127,0.98619825,0.90966296,1.0189686,0.9266424,0.8128792,0.6657818,0.7869426,0.6942816,0.0,0.0,0.0,0.0,0.0,0.0,0.0,0.0,0.0,0.0,0.0,0.0,0.0,0.0,0.0,0.0,-9.096684,-8.77069,-9.071163,-8.914829,-8.647018,-8.677942,-8.72109,-8.571367,-8.351275,-8.432058,-8.318586,-8.413565,-8.446535,-8.646156,-8.478963,-8.60424,-8.963342,0.1312192,-8.654354,0.054659747,-8.378871,0.04590288,-8.543974,0.08335773,-3.7649548,0.019595522,0.040824004,3.0050879,0.0326545,0.06363441,-7.2821136,0.0024812673,0.007459213,-1.9179688,0.11124266,0.166864,0.30898762,-0.16510296,0.40276667,0.40041396,0.123763435,-0.037085563
GIPC_t18:0_h26:1,1.465321,1.7916005,1.7333075,1.7538248,1.8585957,1.9154295,2.070923,1.9907475,19.625135,19.27395,18.641087,19.55409,15.82294,16.922455,19.214626,17.29861,0.0,0.0,0.0,0.0,0.0,0.0,0.0,0.0,1.0459564,0.9486973,1.653506,1.2672207,0.8650897,0.52396744,0.52713376,0.8807186,-5.9223986,-5.7213635,-5.7544413,-5.742674,-5.5076427,-5.4775224,-5.3994694,-5.438954,-5.308641,-5.330574,-5.3270226,-5.3014,-5.4246707,-5.380228,-5.256626,-5.3390775,-5.7852197,0.08008294,-5.455897,0.040670704,-5.31691,0.012226008,-5.3501506,0.061901815,-6.35062,0.0021760068,0.00960003,0.9124709,0.4243536,0.5201754,-10.012694,0.0017420676,0.0060101333,-2.4728634,0.054605477,0.08563132,0.32932281,-0.033240795,-1.0781319,0.13326925,0.09722201,0.3987831
GIPC_t18:1_h26:0,0.55969495,0.6851564,0.72562855,0.74488294,0.706158,0.77937907,0.86486715,0.83442736,8.238372,6.8327146,7.120383,7.1008563,4.736036,4.541209,5.8460574,5.562911,0.0,0.0,0.0,0.0,0.0,0.0,0.0,0.0,0.0,0.0,0.0,0.0,0.0,0.0,0.0,0.0,-6.884836,-6.682581,-6.62519,-6.599001,-6.4753804,-6.376722,-6.2726436,-6.3084736,-6.2285743,-6.415655,-6.3744154,-6.377162,-6.684162,-6.726169,-6.473595,-6.523241,-6.697902,0.1120799,-6.358305,0.07724456,-6.3489523,0.071386784,-6.601792,0.105899945,-4.321188,0.0065500773,0.02232981,3.4289966,0.017217487,0.040235728,-4.548343,0.00586037,0.014441626,3.2174027,0.020625103,0.03846303,0.33959723,-0.25283957,-0.9192259,-0.4657481,0.968028,0.022852486
GIPC_t18:0_h28:1,0.070368595,0.066725634,0.08248478,0.079501,0.094785966,0.07448393,0.08777583,0.09367611,3.4883764,3.564162,3.3310244,3.442573,2.8627691,2.9639266,3.7967324,2.9083133,0.0,0.0,0.0,0.0,0.0,0.0006855859,0.0058149253,0.0,0.06939766,0.0,0.0,0.0,0.0,0.0,0.0,0.0,-8.958481,-9.011639,-8.799614,-8.836458,-8.483598,-8.715473,-8.496287,-8.495377,-7.068242,-7.066448,-7.134097,-7.101158,-7.1875734,-7.152848,-6.905222,-7.171789,-8.901548,0.086585976,-8.547684,0.0970025,-7.0924864,0.027714726,-7.104358,0.11562677,-4.713782,0.0033909495,0.013385327,0.17293744,0.8726493,0.8842846,-34.465645,1.1211669e-05,0.00017820625,-16.563698,4.0324003e-06,0.00013911781,0.35386467,-0.011871815,-0.07081677,-1.1453776,-0.47908866,1.1158605
